state,sl_no,college_name
andaman & nicobar islands,2,MAHATMA GANDHI GOVERNMENT COLLEGE
andaman & nicobar islands,3,SANKETIKA VIDYA PARISHAD ENGINEERING COLLEGE
andaman & nicobar islands,4,S.M.B.T.A.V.AND S.N.DEGREE COLLEGE
andaman & nicobar islands,5,SRINIVASARAO COLLEGE OF PHARMACY
andaman & nicobar islands,6,SRI SUNFLOWER COLLEGE OF ENGINEERING AND TECHNOLOGY
andaman & nicobar islands,7,KAKINADA INSTITUTE OF ENGINEERING AND TECHNOLOGY
andaman & nicobar islands,8,ADITYA COLLEGE OF ENGINEERING
andaman & nicobar islands,9,VISWANADHA INSTITUTE OF TECHNOLOGY AND MANAGEMENT
andaman & nicobar islands,10,RAJAMAHENDRI INSTITUTE OF ENGINEERING AND TECHNOLOGY
andaman & nicobar islands,11,DR K V SUBBA REDDY INSTITUTE OF TECHNOLOGY
andaman & nicobar islands,12,ADARSH COLLEGE OF ENGINEERING
andaman & nicobar islands,13,AVANTHI INSTITUTE OF ENGINEERING AND TECHNOLOGY
andaman & nicobar islands,14,CHEBROLU ENGINEERING COLLEGE
andaman & nicobar islands,15,CHEBROLU ENGINEERING COLLEGE
andaman & nicobar islands,16,NARAYANA COLLEGE OF NURSING
andaman & nicobar islands,17,ST. JOSEPH'S COLLEGE FOR WOMEN(AUTONOMOUS)
andaman & nicobar islands,18,SEICOM DEGREE COLLEGE
andaman & nicobar islands,19,MOTHER THERESA INSTITUTE OF ENGINEERING AND TECHNOLOGY
andaman & nicobar islands,20,MOTHER THERESA INSTITUTE OF ENGINEERING AND TECHNOLOGY
andaman & nicobar islands,21,ANANTHA LAKSHMI INSTITUTE OF TECHNOLOGY AND SCIENCES
andaman & nicobar islands,22,SRI VENKATESWARA ENGINEERING COLLEGE FOR WOMEN
andaman & nicobar islands,23,PRAKASAM ENGINEERING COLLEGE
andaman & nicobar islands,24,SAI TIRUMALA NALABOTHU VENKATA RAO ENGINEERING COLLEGE
andaman & nicobar islands,25,SRI MITTAPALLI COLLEGE OF ENGINEERING
andaman & nicobar islands,26,SRI MITTAPALLI COLLEGE OF ENGINEERING
andaman & nicobar islands,27,NARAYANA ENGINEERING COLLEGE
andaman & nicobar islands,28,"GOVERNMENT DEGREE COLLEGE, RAYACHOTI"
andaman & nicobar islands,29,SREE VAHINI INSTITUTE OF SCIENCE AND TECHNOLOGY
andhra pradesh,30,SATYA INSTITUTE OF TECHNOLOGY AND MANAGEMENT
andhra pradesh,31,K. T. S. GOVT. DEGREE COLLEGE
andhra pradesh,32,"S.Y.T.R. GOVERNMENT DEGREE COLLEGE,MADAKASIRA"
andhra pradesh,33,VISAKHA INSTITUTE OFENGINEERING AND TECHNOLOGY
andhra pradesh,34,NARAYANA ENGINEERING COLLEGE
andhra pradesh,35,GATES INSTITUTE OF TECHNOLOGY
andhra pradesh,36,GATES INSTITUTE OF TECHNOLOGY DR PINNAMANENI SIDDHARTHA INSTITUTE OF MEDICAL SCIENCES AND
andhra pradesh,37,RESEARCH FOUNDATION
andhra pradesh,38,SRI KAMISETTY SUBBA RAO CHENNAMMA DEGREE COLLEGE
andhra pradesh,39,DNR COLLEGE OF ENGINEERING AND TECHNOLOGY
andhra pradesh,40,SRI VASAVI INSTITUTE OF ENGINEERING AND TECHNOLOGY
andhra pradesh,41,BVC COLLEGE OF ENGINEERING
andhra pradesh,42,VIKAS COLLEGE OF ENGINEERING AND TECHNOLOGY
andhra pradesh,43,GDMM COLLEGE OF ENGINEERING AND TECHNOLOGY
andhra pradesh,44,GEETHANJALI INSTITUTE OF SCIENCE AND TECHNOLOGY POTTI SRIRAMULU CHALAVADI MALLIKARJUNA RAO COLLEGE OF
andhra pradesh,45,ENGINEERING AND TECHNOLOGY
andhra pradesh,46,BESANT THEOSOPHICAL COLLEGE
andhra pradesh,47,D.K.Government College for Women
andhra pradesh,48,UNIVERSAL COLLEGE OF ENGINEERING AND TECHNOLOGY
andhra pradesh,49,"SSGS DEGREE COLLEGE, GUNTAKAL"
andhra pradesh,50,ANDHRA LOYOLA INSTITUTE OF ENGINEERING AND TECHNOLOGY
andhra pradesh,51,ANDHRA LOYOLA INSTITUTE OF ENGINEERING AND TECHNOLOGY
andhra pradesh,52,CHEBROLU HANUMAIAH INSTITUTE OF PHARMACEUTICAL SCIENCES
andhra pradesh,53,MIRACLE EDUCATIONAL SOCIETY GROUP OF INSTITUTIONS
andhra pradesh,54,GOVERNMENT COLLEGE FOR MEN
andhra pradesh,55,LENORA COLLEGE OF ENGINEERING
andhra pradesh,56,GAYATRI VIDYA PARISHAD COLLEGE OF ENGINEERING FOR WOMEN
andhra pradesh,57,G PULLA REDDY DENTAL COLLEGE AND HOSPITAL
andhra pradesh,58,DUVVURU RAMANAMMA WOMENS COLLEGE
andhra pradesh,59,SREE VENKATESWARA COLLEGE OF ENGINEERING
andhra pradesh,60,SANTHIRAM ENGINEERING COLLEGE
andhra pradesh,61,VIJAYA INSTITUTE OF PHARMACEUTICAL SCIENCES FOR WOMEN
andhra pradesh,62,SRK INSTITUTE OF TECHNOLOGY
andhra pradesh,63,SAI RAJESWARI INSTITUTE OF TECHNOLOGY
andhra pradesh,64,VIKAS INSTITUTE OF PHARMACEUTICAL SCIENCES
andhra pradesh,65,VIJAYAM SCIENCE AND ARTS DEGREE COLLEGE
andhra pradesh,66,ST. ANN'S COLLEGE FOR WOMEN
andhra pradesh,67,S.G.S. ARTS COLLEGE
andhra pradesh,68,RAVINDRA COLLEGE OF ENGINEERING FOR WOMEN
andhra pradesh,69,RISE KRISHNA SAI PRAKASAM GROUP OF INSTITUTIONS
andhra pradesh,70,INTERNATIONAL SCHOOL OF TECHNOLOGY AND SCIENCES FOR WOMEN
andhra pradesh,71,SHRI GNANAMBICA DEGREE COLLEGE
andhra pradesh,72,ANNAMACHARYA INSTITUTE OF TECHNOLOGY AND SCIENCES
andhra pradesh,73,NARASARAOPETA INSTITUTE OF PHARMACEUTICAL SCIENCES
andhra pradesh,74,SRI VANI DEGREE AND PG COLLEGE
andhra pradesh,75,GOVERNMENT COLLEGE FOR WOMEN
andhra pradesh,76,ADITYA COLLEGE OF PHARMACY
andhra pradesh,77,ADITYA PHARMACY COLLEGE
andhra pradesh,78,NRI INSTITUTE OF TECHNOLOGY
andhra pradesh,79,IDEAL INSTITUTE OF TECHNOLOGY
andhra pradesh,80,LINGAYAS INSTITUTE OF MANAGEMENT AND TECHNOLOGY
andhra pradesh,81,GOVERNMENT COLLEGE (AUTONOMOUS)
andhra pradesh,82,MALINENI LAKSHMAIAH WOMEN'S ENGINEERING COLLEGE
andhra pradesh,83,GSL DENTAL COLLEGE AND HOSPITAL
andhra pradesh,84,SDHR DEGREE AND PG COLLEGE
andhra pradesh,85,RAMIREDDY SUBBARAMI REDDY ENGINEERING COLLEGE PARVATHANENI BRAHMAYYA SIDDHARTHA COLLEGE OF ARTS AND SCIENCE
andhra pradesh,86,(AUTONOMOUS)
andhra pradesh,87,K.T.R.WOMENS COLLEGE
andhra pradesh,88,DANTULURI NARAYANA RAJU COLLEGE(D.N.R) AUTONOMOUS
andhra pradesh,89,GOVERNMENT COLLEGE FOR MEN KURNOOL
andhra pradesh,90,Sir C R Reddy College
andhra pradesh,91,S.C.I.M. Govt. College
andhra pradesh,92,"S.V.A. GOVT. COLLEGE, SRIKALAHASTI"
andhra pradesh,93,KVR GOVERNMENT COLLEGE FOR WOMEN (A)
andhra pradesh,94,A. S. D. GOVERNMENT DEGREE COLLEGE FOR WOMEN
andhra pradesh,95,SRI VENKATESWARA ARTS COLLEGE (S V ARTS COLLEGE)
andhra pradesh,96,"GOVT. DEGREE COLLEGE, PUTTUR"
andhra pradesh,97,IDEAL COLLEGE OF ARTS AND SCIENCES
andhra pradesh,98,GOVERNMENT DEGREE COLLEGE FOR WOMEN
andhra pradesh,99,LOYALA DEGREE COLLEGE (YSRR) SRI DURGA MALLESWARA SIDDHARTHA MAHILA KALASALA
andhra pradesh,100,(S.D.M.S.M.KALASALA)
andhra pradesh,101,V.S.R AND N.V.R COLLEGE
andhra pradesh,102,KBN COLLEGE
andhra pradesh,103,Sri Padmavathi Womens' Degree and PG College
andhra pradesh,104,SKSD MAHILA KALASALA UG AND PG (AUTONOMOUS)
andhra pradesh,105,K.S.N. GOVERNMENT DEGREE COLLEGE FOR WOMEN
andhra pradesh,106,C.S.T.S.GOVERNMENT KALASALA
andhra pradesh,107,M.S.NAICKER DEGREE COLLEGE
andhra pradesh,108,N B K R SCIENCE AND ARTS COLLEGE
andhra pradesh,109,KAKANI VENKATA RATNAM COLLEGE GAYATRI VIDYA PARISHAD COLLEGE FOR DEGREE AND PG COURSES
andhra pradesh,110,(AUTONOMOUS)
andhra pradesh,111,V. S. M. COLLEGE
andhra pradesh,112,MVR DEGREE COLLEGE
andhra pradesh,113,SDGS DEGREE COLLEGE (AIDED)
andhra pradesh,114,GOVERNMENT DEGREE COLLEGE PADERU
andhra pradesh,115,N.B.K.R. INSTITUTE OF SCIENCE AND TECHNOLOGY
andhra pradesh,116,PEDANANDIPADU COLLEGE OF ARTS AND SCIENCES
andhra pradesh,117,MAHARAJAH'S COLLEGE(AUTONOMOUS)
andhra pradesh,118,MAHARAJ VIJAYARAM GAJAPATHI RAJ COLLEGE OF ENGINEERING
andhra pradesh,119,ANNAMACHARYA INSTITUTE OF TECHNOLOGY AND SCIENCES
andhra pradesh,120,GMR INSTITUTE OF TECHNOLOGY
andhra pradesh,121,SHRI VISHNU COLLEGE OF PHARMACY
andhra pradesh,122,ADITYA INSTITUTE OF TECHNOLOGY AND MANAGEMENT
andhra pradesh,123,SRI VENKATESWARA COLLEGE OF ENGINEERING AND TECHNOLOGY
andhra pradesh,124,AUDISANKARA COLLEGE OF ENGINEERING AND TECHNOLOGY
andhra pradesh,125,MARIS STELLA COLLEGE (AUTONOMOUS)
andhra pradesh,126,J.M.J. COLLEGE FOR WOMEN
andhra pradesh,127,R.V.R. AND J.C. COLLEGE OF ENGINEERING
andhra pradesh,128,SWARNANDHRA INSTITUTE OF ENGINEERING AND TECHNOLOGY
andhra pradesh,129,NARASARAOPETA ENGINEERING COLLEGE
andhra pradesh,130,QIS COLLEGE OF ENGINEERING AND TECHNOLOGY (AUTONOMOUS)
andhra pradesh,131,ANIL NEERUKONDA INSTITUTE OF TECHNOLOGY AND SCIENCES
andhra pradesh,132,CHALAPATHI INSTITUTE OF PHARMACEUTICAL SCIENCES
andhra pradesh,133,BAPATLA ENGINEERING COLLEGE
andhra pradesh,134,CHAITANYA BHARATHI INSTITUTE OF TECHNOLOGY
andhra pradesh,135,BONAM VENKATA CHALAMAYYA INSTITUTE OF TECHNOLOGY AND SCIENCE PARVATHAREDDY BABUL REDDY VISVODAYA INSTITUTE OF TECHNOLOGY
andhra pradesh,136,AND SCIENCE
andhra pradesh,137,SIDDHARTH INSTITUTE OF ENGINEERING AND TECHNOLOGY
andhra pradesh,138,SHRI VISHNU ENGINEERING COLLEGE FOR WOMEN
andhra pradesh,139,B.V. RAJU COLLEGE
andhra pradesh,140,"ANNAMACHARYA INSTITUTE OF TECHNOLOGY AND SCIENCES,TIRUPATI"
andhra pradesh,141,SAGI RAMA KRISHNAM RAJU ENGINEERING COLLEGE RAGHAVENDRA INSTITUTE OF PHARMACEUTICAL EDUCATION AND
andhra pradesh,142,RESEARCH
andhra pradesh,143,ADITYA COLLEGE OF ENGINEERING & TECHNOLOGY
andhra pradesh,144,MADANAPALLE INSTITUTE OF TECHNOLOGY & SCIENCE
andhra pradesh,145,TIRUMALA ENGINEERING COLLEGE
andhra pradesh,146,RAMACHANDRA COLLEGE OF ENGINEERING
andhra pradesh,147,SRI VENKATESWARA COLLEGE OF NURSING
andhra pradesh,148,NIRMALA COLLEGE OF PHARMACY
andhra pradesh,149,ANNAMACHARYA COLLEGE OF PHARMACY
andhra pradesh,150,DADI INSTITUTE OF ENGINEERING AND TECHNOLOGY
andhra pradesh,151,K.G.R.L. COLLEGE
andhra pradesh,152,VISHNU DENTAL COLLEGE
andhra pradesh,153,PRASAD V POTLURI SIDDHARTHA INSTITUTE OF TECHNOLOGY
andhra pradesh,154,LAKIREDDY BALI REDDY COLLEGE OF ENGINEERING
andhra pradesh,155,LAKIREDDY BALI REDDY COLLEGE OF ENGINEERING
andhra pradesh,156,KRISHNA TEJA PHARMACY COLLEGE
andhra pradesh,157,SRI VENKATESA PERUMAL COLLEGE OF ENGINEERING AND TECHNOLOGY
andhra pradesh,158,K.S.R.M. COLLEGE OF ENGINEERING
andhra pradesh,159,SREE VIDYANIKETHAN ENGINEERING COLLEGE (AUTONOMOUS)
andhra pradesh,160,SREE VIDYANIKETHAN ENGINEERING COLLEGE (AUTONOMOUS)
andhra pradesh,161,BONAM VENKATA CHALAMAYYA ENGINEERING COLLEGE
andhra pradesh,162,GODAVARI INSTITUTE OF ENGINEERING AND TECHNOLOGY
andhra pradesh,163,SWARNANDHRA COLLEGE OF ENGINEERING & TECHNOLOGY
andhra pradesh,164,VELAGAPUDI RAMAKRISHNA SIDDHARTHA ENGINEERING COLLEGE
andhra pradesh,165,GUDLAVALLERU ENGINEERING COLLEGE
andhra pradesh,166,"ST. FRANCIS DE SALES COLLEGE, AALO, ARUNACHAL PRADESH"
arunachal pradesh,167,DERA NATUNG GOVERNMENT COLLEGE
arunachal pradesh,168,"JAWAHARLAL NEHRU COLLEGE, PASIGHAT"
arunachal pradesh,169,HARHI COLLEGE
arunachal pradesh,170,LEDO COLLEGE
arunachal pradesh,171,"RAJIV GANDHI MEMORIAL COLLEGE, LENGTISINGA"
arunachal pradesh,172,"GIRLS' COLLEGE, KOKRAJHAR"
arunachal pradesh,173,NARANGI ANCHALIK MAHAVIDYALAYA
arunachal pradesh,174,"COMMERCE COLLEGE, KOKRAJHAR"
arunachal pradesh,175,HAFLONG GOVERNMENT COLLEGE
arunachal pradesh,176,DHEMAJI GIRLS' COLLEGE
arunachal pradesh,177,LALUK COLLEGE
arunachal pradesh,178,PUB DIKRONG COLLEGE
arunachal pradesh,179,GOLAGHAT COMMERCE COLLEGE
arunachal pradesh,180,JOGANANDA DEVA SATRADHIKAR GOSWAMI(J.D.S.G.) COLLEGE
arunachal pradesh,181,FURKATING COLLEGE
arunachal pradesh,182,DEBRAJ ROY COLLEGE
arunachal pradesh,183,DIBRUGARH H. S. KANOI COLLEGE
assam,184,MARGHERITA COLLEGE
assam,185,MORAN MAHILA MAHAVIDYALAYA
assam,186,KARMASHREE HITESWAR SAIKIA COLLEGE
assam,187,MADHABDEV COLLEGE
assam,188,PRAGJYOTISH COLLEGE
assam,189,HANDIQUE GIRLS' COLLEGE
assam,190,BORHAT BHABANI PRASAD BARUAH MEMORIAL COLLEGE
assam,191,PANDU COLLEGE
assam,192,KAMARGAON COLLEGE
assam,193,HEMO PROVA BORBORA GIRLS' COLLEGE
assam,194,JAGANNATH BAROOAH COLLEGE
assam,195,BAHONA COLLEGE
assam,196,DEVICHARAN BARUA GIRLS COLLEGE
assam,197,LALIT CHANDRA BHARALI COLLEGE
assam,198,MACHKHOWA DEGREE COLLEGE
assam,199,MAYANG ANCHALIK COLLEGE
assam,200,K. K. HANDIQUE GOVT. SANSKRIT COLLEGE
assam,201,NALBARI COLLEGE
assam,202,TINSUKIA COLLEGE
assam,203,DIGBOI MAHILA MAHAVIDYALAYA
assam,204,DARRANG COLLEGE
assam,205,BONGAIGAON COLLEGE
assam,206,SONAPUR COLLEGE
assam,207,D. H. S. K. COMMERCE COLLEGE
assam,208,"CHANDRA NATH BEZBARUAH COLLEGE, BOKAKHAT"
assam,209,DON BOSCO COLLEGE GOLAGHAT
assam,210,THONG NOKBE COLLEGE
assam,211,DULIAJAN GIRLS' COLLEGE
assam,212,SILAPATHAR SCIENCE COLLEGE
assam,213,EASTERN KARBI ANGLONG COLLEGE
assam,214,SILAPATHAR TOWN COLLEGE
assam,215,BELTOLA COLLEGE
assam,216,SARBODAYA COLLEGE
assam,217,JONAI GIRLS' COLLEGE
assam,218,MANGALDAI COLLEGE
assam,219,TEZPUR COLLEGE
assam,220,"NABINCHANDRA COLLEGE, BADARPUR"
assam,221,LAKHIMPUR COMMERCE COLLEGE
assam,222,LAKHIMPUR GIRLS' COLLEGE
assam,223,LAKHIMPUR KENDRIYA MAHAVIDYALAYA
assam,224,JAGIROAD COLLEGE
assam,225,MORIGAON COLLEGE
assam,226,PUB KAMRUP COLLEGE
assam,227,THE GARGAON COLLEGE
assam,228,BIHPURIA COLLEGE
assam,229,"TYAGBIR HEM BARUAH COLLEGE, JAMUGURIHAT"
assam,230,BISWANATH COLLEGE
assam,231,JORHAT COLLEGE(AMALGAMATED)
assam,232,PASCHIM GUWAHATI MAHAVIDYALAYA
assam,233,SARUPATHAR COLLEGE
assam,234,NORTH LAKHIMPUR COLLEGE
assam,235,ANANDARAM DHEKIAL PHOOKAN COLLEGE
assam,236,CHANDRA KAMAL BEZBARUAH COMMERCE COLLEGE
assam,237,RANGIA COLLEGE
assam,238,PUTHIMARI COLLEGE
assam,239,RANGAPARA COLLEGE
assam,240,LOKANAYAK OMEO KUMAR DAS COLLEGE
assam,241,LUMDING COLLEGE
assam,242,DHEMAJI COMMERCE COLLEGE
assam,243,DHEMAJI COLLEGE
assam,244,DR.B.K.B.COLLEGE
assam,245,RUPAHI COLLEGE
assam,246,DHING COLLEGE
assam,247,L. T. K. COLLEGE
assam,248,"C.K.B. COLLEGE, TEOK"
assam,249,THE NAZIRA COLLEGE
assam,250,CACHAR COLLEGE
assam,251,"JANATA COLLEGE, KABUGANJ"
assam,252,NOWBOICHA COLLEGE
assam,253,MANOHARI DEVI KANOI GIRLS' COLLEGE
assam,254,BILASIPARA COLLEGE
assam,255,"B.N. COLLEGE, DHUBRI"
assam,256,TANGLA COLLEGE
assam,257,BAGADHAR BRAHMA KISHAN COLLEGE
assam,258,DOOM DOOMA COLLEGE
assam,259,MAJULI COLLEGE
assam,260,BARAMA COLLEGE
assam,261,SUREN DAS COLLEGE
assam,262,DIKHOWMUKH COLLEGE
assam,263,DAMDAMA COLLEGE
assam,264,GAUHATI COMMERCE COLLEGE
assam,265,MIRZA GHALIB COLLEGE
assam,266,RAJA SINGH COLLEGE SIWAN
assam,267,"ZAKIA AFAQUE ISLAMIA COLLEGE, SIWAN"
assam,268,RAMESH JHA MAHILA COLLEGE
assam,269,PATNA COLLEGE
assam,270,KOSHI COLLEGE KHAGARIA
assam,271,ROHTAS MAHILA COLLEGE
assam,272,S N SINHA COLLEGE
assam,273,NITISHWAR MAHAVIDYALAYA
assam,274,"UMA PANDEY COLLEGE, PUSA, SAMASTIPUR, BIHAR"
assam,275,PATNA LAW COLLEGE
assam,276,SRI UGRATARA BHARTI MANDAN SANSKRIT COLLEGE
assam,277,MAULANA MAZHARUL HAQUE TEACHERS' TRAINING COLLEGE
assam,278,ST. XAVIER'S COLLEGE OF MANAGEMENT AND TECHNOLOGY
assam,279,DR JAGANNATH MISHRA COLLEGE MUZAFFARPUR
assam,280,MURARKA COLLEGE
bihar,281,D. S. COLLEGE
bihar,282,ORIENTAL COLLEGE
bihar,283,R.B.B.M COLLEGE MUZAFFARPUR
bihar,284,"ANUGRAH NARAYAN SINGH COLLEGE, BARH"
bihar,285,ANUGRAH MEMORIAL COLLEGE GAYA
bihar,286,RAJENDRA MEMORIAL WOMEN'S COLLEGE
bihar,287,VARDHMAN MAHAVIR COLLEGE
bihar,288,L N MISHRA COLLEGE OF BUSINESS MANAGEMENT
bihar,289,"MAGADH MAHILA COLLEGE, PATNA UNIVERSITY, PATNA"
bihar,290,PATNA SCIENCE COLLEGE
bihar,291,GAYA COLLEGE
bihar,292,JANAKI DEVI WOMEN'S COLLEGE
bihar,293,SACHCHIDANAND SINHA COLLEGE
bihar,294,"BIHAR NATIONAL COLLEGE, PATNA"
bihar,295,"T.P.S COLLEGE,PATNA"
bihar,296,MUNSHI SINGH COLLEGE
bihar,297,R. P. S. TEACHERS TRAINING COLLEGE
bihar,298,GURU GOBIND SINGH COLLEGE FOR WOMEN
bihar,299,GOSWAMI GANESH DUTTA SANATAN DHARMA COLLEGE
bihar,300,SRI GURU GOBIND SINGH COLLEGE
chandigarh,301,POST GRADUATE GOVT. COLLEGE
chandigarh,302,DEV SAMAJ COLLEGE FOR WOMEN
chandigarh,303,DEV SAMAJ COLLEGE OF EDUCATION
chandigarh,304,GOVT. RANI SURYAMUKHI DEVI COLLEGE CHHURIA
chandigarh,305,"GOVT. LAXMANESHWAR COLLEGE, KHAROD"
chandigarh,306,Govt. Swami Atmanand Post Graduate College Narayanpur
chandigarh,307,NETAJI SUBHAS COLLEGE SHASKIYA MAHAPRABHU VALLABHACHARYA SNATKOTTAR
chandigarh,308,MAHAVIDYALAYA MAHASAMUND
chandigarh,309,GOVERNMENT COLLEGE BALRAMPUR
chandigarh,310,GOVT.ARVIND COLLEGE .KIRANDUL
chandigarh,311,"GOVERNMENT NAVIN COLLEGE, BALODA"
chandigarh,312,"GOVERNMENT JAJWALYADEV NAVEEN GIRLS COLLEGE,JANJGIR SHRI SHANKARACHARYA TECHNICAL CAMPUS (SHRI SHANKARACHARYA"
chandigarh,313,GROUP OF INSTITUTIONS)
chhattisgarh,314,GOVT.NAGRIK KALYAN COLLEGE NANDINI NAGAR AHIWARA DURG
chhattisgarh,315,BHANUPRATAPDEO GOVT. P. G. COLLEGE KANKER
chhattisgarh,316,RUNGTA COLLEGE OF PHARMACEUTICAL SCIENCE AND RESEARCH
chhattisgarh,317,DURGA MAHAVIDYALYA RAIPUR
chhattisgarh,318,RUNGTA COLLEGE OF ENGINEERING AND TECHNOLOGY
chhattisgarh,319,RUNGTA COLLEGE OF ENGINEERING AND TECHNOLOGY
chhattisgarh,320,"RUNGTA COLLEGE OF ENGINEERING & TECHNOLOGY , RAIPUR"
chhattisgarh,321,"MAHANT LAXMINARAYAN DAS COLLEGE, GANDHI CHOWK, RAIPUR (C.G.)"
chhattisgarh,322,GOVERNMENT NARAYANRAO MEGHAWALE KANYA MAHAVIDYALAYA
chhattisgarh,323,"GOVT. B.P. ARTS COMMERCE COLLEGE, ARANG"
chhattisgarh,324,"GOVERNMENT KAVYOPADHYAY HIRALAL COLLEGE, ABHANPUR"
chhattisgarh,325,CHANDRAPAL DADSENA GOVT COLLEGE PITHORA
chhattisgarh,326,"SHASKIYA MATAKARMA GIRLS COLLEGE MAHASAMUND GOVT. PT. SHYAMACHARAN SHUKLA COLLEGE, DHARSIWA, RAIPUR , DIST-"
chhattisgarh,327,RAIPUR(C.G.)
chhattisgarh,328,"GOVERNMENT MAHENDRA KARMA GIRLS COLLEGE, DANTEWADA"
chhattisgarh,329,GOVT. KPG COLLEGE JAGDALPUR
chhattisgarh,330,GOVT. SHAHEED BAPURAO PG COLLEGE SUKMA DIST.-SUKMA (C.G.)
chhattisgarh,331,GOVERNMENT COLLEGE BHANPURI VIRANGNA RANI AWANTI BAI LODHI GOVERNMENT ARTS AND COMMERCE
chhattisgarh,332,COLLEGE RAMATOLA
chhattisgarh,333,GOVT. KRANTI KUMAR BHARTIYA COLLEGE SAKTI
chhattisgarh,334,"DR. BHIMRAO AMBEDKAR GOVT. COLLEGE, PAMGARH"
chhattisgarh,335,Late Lal Shyam Shah Govt. Naveen College Mohla
chhattisgarh,336,"GOVT. KUNJ BIHARI CHOUBEY MAHAVIDYALAYA, LAL BAHADUR NAGAR"
chhattisgarh,337,GOVT. KANGLA MANJHI COLLEGE DOUNDI
chhattisgarh,338,"GOVT. LAL SHYAM SHAH COLLEGE GOVT. RANI AVANTI BAI LODHI COLLEGE, GHUMKA, DISTT. RAJNANDGAON"
chhattisgarh,339,(C.G.)
chhattisgarh,340,GOVERNMENT COLLEGE GURUR
chhattisgarh,341,GOVT. COLLEGE GHARGHODA
chhattisgarh,342,"RANI RASHMI DEVI SINGH GOVERNMENT COLLGE ,KHAIRAGARH GOVERNMENT PALURAM DHANANIA COMMERCE AND ARTS COLLEGE"
chhattisgarh,343,RAIGARH (C.G.)
chhattisgarh,344,GOVT. VEDRAM COLLEGE MALKHARODA
chhattisgarh,345,ST. VINCENT PALLOTTI COLLEGE
chhattisgarh,346,"RAJIV GANDHI GOVERNMENT ARTS AND COMMERCE COLLEGE, LORMI"
chhattisgarh,347,"GOVERNMENT RANI DURGAWATI COLLEGE, WADRAFNAGAR"
chhattisgarh,348,GOVERNMENT COLLEGE SILPHILI
chhattisgarh,349,"AGRASEN MAHAVIDYALAYA, PURANI BASTI"
chhattisgarh,350,GOVT MAHARSHI VALMIKI PG COLLEGE BHANUPRATAPPUR SHRI SHANKARACHARYA INSTITUTE OF PROFESSIONAL MANAGEMENT AND
chhattisgarh,351,TECHNOLOGY
chhattisgarh,352,GOVERNMENT VIVEKANAND P.G.COLLEGE MANENDRAGARH
chhattisgarh,353,GOVT. SUKHRAM NAGE COLLEGE NAGRI
chhattisgarh,354,"GOVT. LOCHAN PRASAD PANDEY COLLEGE , SARANGARH"
chhattisgarh,355,GOVT.RAJEEVLOCHAN COLLEGE RAJIM SATYA NARAYAN AGARWAL GOVERNMENT ARTS AND COMMERCE
chhattisgarh,356,COLLEGE. KOHKA-NEORA
chhattisgarh,357,GOVT. MUKUTDHAR PANDEY COLLEGE
chhattisgarh,358,SANT SHIROMANI GURU RAVIDAS GOVT COLLEGE SARGAON
chhattisgarh,359,"LAXMAN PRASAD BAIDH GOVT. GIRLS COLLEGE, BEMETARA"
chhattisgarh,360,MADANLAL SAHU GOVERNMENT COLLEGE ARMARIKALA
chhattisgarh,361,LATE SHRI JAIDEV SATPATHI GOVT COLLEGE BASNA
chhattisgarh,362,GOVERNMENT COLLEGE LAWAN
chhattisgarh,363,GOVT.KACHNA DHURWA COLLEGE CHHURA
chhattisgarh,364,GOVT COLLEGE RAJPUR
chhattisgarh,365,GOVT COLLEGE DIPKA
chhattisgarh,366,"GOVT. D.B. GIRLS P.G. COLLEGE, RAIPUR, C.G."
chhattisgarh,367,"GOVT. COLLEGE, BAKAWAND"
chhattisgarh,368,DR.JWALA PRASAD MISHRA GOVT.SCIENCE COLLEGE MUNGELI
chhattisgarh,369,"Pandit Ravishankar Tripathi Government College, Bhaiyathan"
chhattisgarh,370,GOVERNMENT NAVEEN COLLEGE
chhattisgarh,371,GOVERNMENT COLLEGE RAMCHANDRAPUR
chhattisgarh,372,"LATE THAKUR MAHARAJ SINGH GOVT. COLLEGE, THANKHAMARIYA"
chhattisgarh,373,"THAKUR SHOBHA SINGH GOVT. COLLEGE, PATHALGAON"
chhattisgarh,374,"GOVT. INDARU KENWAT GIRLS' COLLEGE, KANKER"
chhattisgarh,375,GOVT VEER SURENDRA SAY PG COLLEGE GARIABAND
chhattisgarh,376,GOVT NAVEEN COLLEGE SALHEWARA
chhattisgarh,377,NAVEEN GOVT. COLLEGE NAWAGARH
chhattisgarh,378,GOVT.LARANG SAI P.G.COLLEGE RAMANUJGANJ
chhattisgarh,379,GOVERNMENT COLLEGE DUMARIYA (JARHI)
chhattisgarh,380,ARUN PRATAP SINGH DEV GOVT. COLLEGE SHANKARGARH
chhattisgarh,381,"GOVT. COLLEGE,SANAWAL GOVT. RAMANUJ PRATAP SINGHDEO POST GRADUATE"
chhattisgarh,382,"COLLEGE,Baikunthpur, Distict-Korea (C.G.)"
chhattisgarh,383,"GOVT. GUNDADHUR P.G. COLLEGE, KONDAGAON (C.G.) DEV SANSKRITI COLLEGE OF EDUCATION AND TECHNOLOGY, KHAPRI"
chhattisgarh,384,"DHAMDHA ROAD, DURG GOVERNMENT T.C.L. P.G. COLLEGE, JANJGIR, JANJGIR-CHAMPA,"
chhattisgarh,385,CHHATTISGARH
chhattisgarh,386,"NAYAK NITYANAND SAI GOVERNMENT COLLEGE, AARA"
chhattisgarh,387,GOVT.NAVEEN GIRLS COLLEGE BAIKUNTHPUR
chhattisgarh,388,GOVT. BALA SAHEB DESHPANDE COLLEGE
chhattisgarh,389,GOVERNMENT SCIENCE COLLEGE AMBIKAPUR
chhattisgarh,390,"GOVERNMENT NAVEEN COLLEGE PALI,DISTRICT KORBA CHHATTISGARH."
chhattisgarh,391,MOHAN LAL JAIN (MOHAN BHAIYA) GOVT. COLLEGE KHURSIPAR BHILAI
chhattisgarh,392,"GOVT. SHAHID VEER NARAYAN SINGH COLLEGE, BILAIGARH ATAL BIHARI VAJPEYEE GOVERNMENT COLLEGE PANDATARAI, DIST.-"
chhattisgarh,393,KABIRDHAM (C.G.) GOVT. GAJANAN MADHAV MUKTIBODH COLLEGE SAHASPUR LOHARA DIST-
chhattisgarh,394,KABIRDHAM(C.G.)
chhattisgarh,395,GOVT. PT. J.L.N. ARTS AND SCIENCE P.G. COLLEGE BEMETARA
chhattisgarh,396,Late Daulat Ram Sharma Govt. Postgraduate College
chhattisgarh,397,"LATE SHRI DEVI PRASAD JI CHOUBEY GOVERNMENT COLLEGE ,GANDAI GOVT. RAJMATA VIJAYARAJE SINDHIYA KANYA MAHAVIDYALAYA"
chhattisgarh,398,"KAWARDHA, KABIRDHAM CHHATTISGARH PT DEVI PRASAD CHOUBEY GOVT COLLEGE SAJA DISTT BEMETARA"
chhattisgarh,399,CHHATTISGARH MAHANT SHRI RAMJANKI SHARAN DAS VAISHNAV GOVERNMENT SNATAK
chhattisgarh,400,"COLLEGE PIPARIYA, DISTT- KABIRDHAM C.G."
chhattisgarh,401,"GOVT. SHAHID KOUSHAL YADAV COLLEGE GUNDERDEHI, DIST.-BALOD (C.G.)"
chhattisgarh,402,GOVERNMENT COLLEGE KARTALA
chhattisgarh,403,"GOVERNMENT COLLEGE ,BARPALI , DIST. KORBA"
chhattisgarh,404,"GOVERNMENT NAVEEN COLLEGE BORI SHAHID DOMESHWAR SAHU GOVT. COLLEGE JAMGAON (R), BHARAR, DISTT-"
chhattisgarh,405,DURG (CHHATTISGARH)
chhattisgarh,406,VEERANGANA RANI DURGAWATI GOVT COLLEGE MARWAHI
chhattisgarh,407,GOVERNMENT NAVIN COLLEGE HASOUD
chhattisgarh,408,GOVT. NAVEEN COLLEGE JANAKPUR KOREA
chhattisgarh,409,GOVT. SHYAMA PRASAD MUKHERJEE COLLEGE
chhattisgarh,410,"GOVT. SWAMI VIVEKANAND COLLEGE, BODLA, KABIRDHAM"
chhattisgarh,411,"GOVERNMENT COLLEGE, KOTRI"
chhattisgarh,412,SAI MAHAVIDYALAYA
chhattisgarh,413,"GOVERNMENT ARTS AND COMMERCE GIRLS COLLEGE, RAIPUR, (C.G.) MAHARSHI VED VYAS GOVT. P.G. COLLEGE BHAKHARA, DIST- DHAMTARI"
chhattisgarh,414,(C.G.)
chhattisgarh,415,GOVERNMENT GRAMYA BHARTI COLLEGE HARDIBAZAR
chhattisgarh,416,GOVERNMENT EKLAVYA COLLEGE DONDI LOHARA
chhattisgarh,417,LATE RAJA VIRENDRA BAHADUR SINGH GOVT. COLLEGE SARAIPALI
chhattisgarh,418,GOVT. MINIMATA GIRLS COLLEGE BALODA BAZAR
chhattisgarh,419,GOVT. COLLEGE KHERTHA
chhattisgarh,420,"Govt. Rajkumar Dhiraj Singh College, Udaipur Sarguja (C.G.)"
chhattisgarh,421,"VIRANGANA AVANTI BAI GOVT. COLLEGE CHHUIKHADAN SHASKIYA KODURAM DALIT MAHAVIDYALAYA, NAWAGARH, DIST."
chhattisgarh,422,BEMETARA (C.G.)
chhattisgarh,423,GOVT DEGREE COLLEGE DABHARA SHRI KULESHWAR MAHADEV SHASHKIYA MAHAVIDYALAYA GOBRA
chhattisgarh,424,NAWAPARA RAIPUR
chhattisgarh,425,GOVERNMENT K.L.ARTS AND COMMERCE COLLEGE BAGBAHARA MAHESH BAGHELJI KESHKAL DANDKARANYA GOVT COLLEGE KESHKAL
chhattisgarh,426,DISTRICT-KONDAGOAN C.G
chhattisgarh,427,GOVT. LAL KALIND SINGH COLLEGE ANTAGARH
chhattisgarh,428,GOVERNMENT COLLEGE DULDULA
chhattisgarh,429,GOVT.COLLEGE BATOULI
chhattisgarh,430,SHRI SAI BABA AADARSH MAHAVIDYALAYA
chhattisgarh,431,"GOVT. DANTESHWARI PG MAHILA MAHAVIDYALAYA, JAGDALPUR BASTAR"
chhattisgarh,432,CHAIYTUGAYTA (ALOR) GOVT.COLLEGE PHARASGAON
chhattisgarh,433,"GOVERNMENT SHAHEED VENKATRAO POST GRADUATE COLLEGE, BIJAPUR"
chhattisgarh,434,GOVT. NAVEEN COLLEGE TOKAPAL
chhattisgarh,435,"LIKHAN SAI GOVT. COLLEGE, TAPKARA, DIST.- JASHPUR, C.G."
chhattisgarh,436,GOVT. COLLEGE SARONA (SALHEBHATA)
chhattisgarh,437,"GOVT.NAVEEN COLLEGE MANGCHUWA FANIKESHWAR NATH GOVERNMENT COLLEGE FINGESHWAR , DISTRICT -"
chhattisgarh,438,GARIYABAND
chhattisgarh,439,GOVT. COLLEGE FASTERPUR
chhattisgarh,440,YASHVANT RAO MEGHAWALE GOVT COLLEGE MAGARLOD
chhattisgarh,441,"GOVT. NAVEEN COLLEGE,BELOUDI,DIST-BALOD (C.G.)"
chhattisgarh,442,DR. BHIMRAO AMBEDKAR GOVT COLLEGE BALODA
chhattisgarh,443,GURUKUL MAHILA MAHAVIDYALAYA
chhattisgarh,444,UDAY COLLEGE
chhattisgarh,445,VIVEKANAND MAHAVIDYALAYA
chhattisgarh,446,"GOVERNMENT NAVEEN COLLEGE, BHAIRAMGARH"
chhattisgarh,447,GOVERNMENT COLLEGE
chhattisgarh,448,GOVT.V.Y.T.PG AUTONOMOUS COLLEGE DURG CHHATTISGARH
chhattisgarh,449,"GOVT. ARTS, SCIENCE AND COMMERCE COLLEGE DHARAMJAIGARH"
chhattisgarh,450,GOVT. NAGARJUNA PG COLLEGE OF SCIENCE RAIPUR (CG)
chhattisgarh,451,GHANSHYAM SINGH ARYA KANYA MAHAVIDYALAYA
chhattisgarh,452,"CHHATTISGARH DENTAL COLLEGE AND RESEARCH INSTITUTE ACHARYA PANTH SHRI GRINDH MUNI NAAM SAHEB GOVT. P.G. COLLEGE,"
chhattisgarh,453,KAWARDHA DIST KABIRDHAM (C.G)
chhattisgarh,454,"RAIPUR INSTITUTE OF TECHNOLOGY NAVEEN GOVERNMENT COLLEGE MAINPUR, DIST GARIYABAND ,"
chhattisgarh,455,CHHATTISGARH
chhattisgarh,456,"KALYAN MAHAVIDYALAYA (AUTONOMOUS) GOVT. JAMUNA PRASAD VERMA P.G. ARTS AND COMMERCE COLLEGE,"
chhattisgarh,457,"BILASPUR, CHHATTISGARH"
chhattisgarh,458,Government Mahatma Gandhi P. G. College Kharsia
chhattisgarh,459,Governmet Ghanshyam Singh Gupt PG College
chhattisgarh,460,"B.C.S.GOVT.P.G.COLLEGE DHAMTARI GOVT. E. RAGHAVENDRA RAO POSTGRADUATE SCIENCE COLLEGE, BILASPUR"
chhattisgarh,461,(C.G.)
chhattisgarh,462,"ST.THOMAS COLLEGE,RUABANDHA BHILAI"
chhattisgarh,463,GOVERNMENT BILASA GIRLS' P.G. COLLEGE BILASPUR (C.G.)
chhattisgarh,464,"GOVT. DR. W.W. PATANKAR GIRLS' PG COLLEGE, DURG (C.G.)"
chhattisgarh,465,SHRI SHANKARACHARYA MAHAVIDYALAYA
chhattisgarh,466,"GOVT. M.M.R. P.G. COLLEGE, CHAMPA GOVT DAU KALYAN ARTS AND COMMERCE POSTGRADUATE COLLEGE,"
chhattisgarh,467,BALODA BAZAR
chhattisgarh,468,"KISHORI MOHAN TRIPATHI GOVERNMENT GIRLS COLLEGE, RAIGARH"
chhattisgarh,469,KIRODIMAL GOVERNMENT ARTS AND SCIENCE COLLEGE (AUTONOMOUS)
chhattisgarh,470,"GOVERNMENT MAHAMAYA COLLEGE, RATANPUR"
chhattisgarh,471,HOLY CROSS WOMEN'S COLLEGE
chhattisgarh,472,GOVERNMENT CHANDULAL CHANDRAKAR ARTS AND SCIENCE COLLEGE
chhattisgarh,473,C. M. DUBEY POST GRADUATE COLLEGE
chhattisgarh,474,BHILAI MAHILA MAHAVIDYALAYA
chhattisgarh,475,GOVT. MADAN LAL SHUKLA COLLEGE SEEPAT
chhattisgarh,476,"GOVT. J.M.P. COLLEGE, TAKHATPUR DISTT. BILASPUR (C.G.)"
chhattisgarh,477,GOVT. DR.INDRAJEET SINGH COLLEGE AKALTARA
chhattisgarh,478,SWAMI SHRI SWAROOPANAND SARASWATI MAHAVIDYALAYA
chhattisgarh,479,CHRIST COLLEGE
chhattisgarh,480,DR. RADHABAI GOVERNMENT NAVIN KANYA MAHAVIDYALAYA
chhattisgarh,481,Government Danveer Tularam Post Graduate College Utai
chhattisgarh,482,GOVERNMENT G.N.A.P.G. COLLEGE
chhattisgarh,483,GOVT. NEMICHAND JAIN COLLEGE DALLIRAJHARA
chhattisgarh,484,GOVT. NEHRU PG COLLEGE DONGARGARH
chhattisgarh,485,GOVT. VIJAY BHUSHAN SINGHDEO GIRLS COLLEGE
chhattisgarh,486,LOYOLA COLLEGE
chhattisgarh,487,DR. K.C.B. GOVERNMENT P. G. COLLEGE
chhattisgarh,488,"GOVT. SHIVNATH SCIENCE COLLEGE, RAJNANDGAON (CHHATTISGARH)"
chhattisgarh,489,M. J. COLLEGE
chhattisgarh,490,"GOVERNMENT REWATI RAMAN MISHRA PG COLLEGE, SURAJPUR"
chhattisgarh,491,"Government Kamladevi Rathi Mahila PG Mahavidyalaya, Rajnandgaon (C.G.)"
chhattisgarh,492,DR. B.S.PORTE GOVERNMENT COLLEGE PENDRA
chhattisgarh,493,"GOVERNMENT MINIMATA GIRLS COLLEGE, KORBA (C.G.)"
chhattisgarh,494,"''Swa. Pyarelal Kanwar'' Govt. College, Bhaisma, Distt.- Korba (C.G.)"
chhattisgarh,495,GOVERNMENT PT. MADHAV RAO SAPRE COLLEGE
chhattisgarh,496,GOVERNMENT AGRASEN COLLEGE
chhattisgarh,497,GOVT. DR. BABA SAHEB BHIMRAO AMBEDKAR PG COLLEGE DONGARGAON
chhattisgarh,498,D. P. VIPRA COLLEGE
chhattisgarh,499,GRACIOUS COLLEGE OF EDUCATION
chhattisgarh,500,Government College of Teacher Education
chhattisgarh,501,"INSTITUTE OF ADVANCED STUDIES IN EDUCATION RAJEEV GANDHI GOVT.COLLEGE, SIMGA, DIST.BALODABAZAR-"
chhattisgarh,502,"BHATAPARA,CHHATTISGARH"
chhattisgarh,503,Government Mata Shabari Naveen Girls PG College Bilaspur(C.G.)
chhattisgarh,504,GOVERNMENT DIGVIJAY COLLEGE (AUTONOMOUS)
chhattisgarh,505,GOVERNMENT LAL CHAKRADHAR SHAH COLLEGE RAJEEV GANDHI GOVERNMENT POST GRADUATE COLLEGE AMBIKAPUR
chhattisgarh,506,CHHATTISGARH
chhattisgarh,507,"GOVERNMENT NIRANJAN KESHARWANI COLLEGE, KOTA, DIST. BILASPUR GOVERNMENT J. YOGANANDAM CHHATTISGARH COLLEGE, BYRAN BAZAR,"
chhattisgarh,508,RAIPUR
chhattisgarh,509,"Indira Gandhi Govt PG College, Vaishali Nagar, Bhilai"
chhattisgarh,510,GOVT RAJMOHINI DEVI GIRLS POST GRADUATE COLLEGE
chhattisgarh,511,"SSR INSTITUTE OF MANAGEMENT AND RESEARCH,SILVASSA"
chhattisgarh,512,"SSR COLLEGE OF ARTS, COMMERCE AND SCIENCE"
dadra & nagar haveli,513,"HAVELI, UCCHHA SIKSHA SAMITI, SILVASSA(DOKMARDI)"
daman & diu,514,"GOVERNMENT COLLEGE, DAMAN"
daman & diu,515,SHYAMA PRASAD MUKHERJI COLLEGE (FOR WOMEN)
daman & diu,516,RAM LAL ANAND COLLEGE
daman & diu,517,SRI AUROBINDO COLLEGE
daman & diu,518,SRI AUROBINDO COLLEGE - EVENING
daman & diu,519,MANAGEMENT EDUCATION AND RESEARCH INSTITUTE
daman & diu,520,LADY IRWIN COLLEGE
daman & diu,521,IDEAL INSTITUTE OF MANAGEMENT AND TECHNOLOGY
daman & diu,522,RAJDHANI COLLEGE
daman & diu,523,LAKSHMIBAI COLLEGE
daman & diu,524,ARYABHATTA COLLEGE
daman & diu,525,HOLY FAMILY COLLEGE OF NURSING
daman & diu,526,MOTILAL NEHRU COLLEGE EVENING
daman & diu,527,JAGANNATH INTERNATIONAL MANAGEMENT SCHOOL BANARSIDAS CHANDIWALA INSTITUTE OF HOTEL MANAGEMENT AND
daman & diu,528,CATERING TECHNOLOGY
daman & diu,529,GITARATTAN INTERNATIONAL BUSINESS SCHOOL
daman & diu,530,INSTITUTE OF INFORMATION TECHNOLOGY & MANAGEMENT
delhi,531,DELHI INSTITUTE OF ADVANCED STUDIES
delhi,532,JESUS AND MARY COLLEGE
delhi,533,MIRANDA HOUSE
delhi,534,DYAL SINGH COLLEGE
delhi,535,VIVEKANANDA INSTITUTE OF PROFESSIONAL STUDIES TECHNICAL CAMPUS
delhi,536,"SRI VENKATESWARA COLLEGE, DELHI"
delhi,537,MATA SUNDRI COLLEGE FOR WOMEN
delhi,538,LADY SHRI RAM COLLEGE FOR WOMEN
delhi,539,RAMANUJAN COLLEGE
delhi,540,SRI GURU NANAK DEV KHALSA COLLEGE
delhi,541,INDRAPRASTHA COLLEGE FOR WOMEN
delhi,542,BHARATI COLLEGE
delhi,543,SHIVAJI COLLEGE
delhi,544,SHAHEED RAJGURU COLLEGE OF APPLIED SCIENCES FOR WOMEN
delhi,545,KIRORI MAL COLLEGE
delhi,546,FAIRFIELD INSTITUTE OF MANAGEMENT & TECHNOLOGY
delhi,547,MAITREYI COLLEGE
delhi,548,KAMALA NEHRU COLLEGE
delhi,549,KALINDI COLLEGE
delhi,550,SHYAM LAL COLLEGE
delhi,551,GARGI COLLEGE
delhi,552,MAHARAJA AGRASEN COLLEGE
delhi,553,SATYAWATI COLLEGE
delhi,554,DELHI SCHOOL OF PROFESSIONAL STUDIES AND RESEARCH
delhi,555,SHRI RAM COLLEGE OF COMMERCE
delhi,556,MAHARAJA SURAJMAL INSTITUTE OF TECHNOLOGY
delhi,557,MAHARAJA SURAJMAL INSTITUTE
delhi,558,ST. STEPHEN'S COLLEGE
delhi,559,SHAHEED SUKHDEV COLLEGE OF BUSINESS STUDIES
delhi,560,KESHAV MAHAVIDYALAYA
delhi,561,SRI GURU GOBIND SINGH COLLEGE OF COMMERCE
delhi,562,"CARMEL COLLEGE OF ARTS, SCIENCE AND COMMERCE FOR WOMEN"
goa,563,ECONOMICS
goa,564,MURGAON EDUCATION SOCIETY'S COLLEGE OF ARTS AND COMMERCE
goa,565,"PARVATIBAI CHOWGULE COLLEGE OF ARTS AND SCIENCE VIDYA PRABODHINI COLLEGE OF COMMERCE, EDUCATION, COMPUTER AND"
goa,566,MANAGEMENT
goa,567,DEMPO CHARITIES TRUST'S DHEMPE COLLEGE OF ARTS AND SCIENCE
goa,568,GOVERNMENT COLLEGE OF COMMERCE AND ECONOMICS
goa,569,DNYANPRASSARAK MANDAL'S COLLEGE AND RESEARCH CENTRE
goa,570,DEVI SHARVANI EDUCATION SOCIETY’S V. M.SALGAOCAR COLLEGE OF LAW
goa,571,ROSARY COLLEGE OF COMMERCE AND ARTS
goa,572,FR AGNEL COLLEGE OF ARTS AND COMMERCE
goa,573,ST. XAVIER'S COLLEGE SARASWAT VIDYALAYA'S SRIDORA CACULO COLLEGE OF COMMERCE AND
goa,574,MANAGEMENT STUDIES Zantye Brothers Educational Foundation's Narayan Zantye College of
goa,575,Commerce
goa,576,VIDYA VIKAS MANDAL'S GOVIND RAMNATH KARE COLLEGE OF LAW THE CUNCOLIM EDUCATIONAL SOCIETY'S COLLEGE OF ARTS AND
goa,577,"COMMERCE SMT. D. H. KABARIYA ARTS, R. K. VAGHASIYA COMMERCE, AND U. B."
goa,578,BHAGAT SCIENCE MAHILA COLLEGE
goa,579,SHREE LEUVA PATEL TRUST B.B.A. MAHILA COLLEGE
goa,580,"GOVERNMENT ARTS COLLEGE, AMIRGADH"
goa,581,"GOVERNMENT ARTS AND COMMERCE COLLEGE, KACHHAL"
goa,582,ST. XAVIER'S COLLEGE
goa,583,D.N.P. (DEESA NAGAR PANCHAYAT) ARTS AND COMMERCE COLLEGE
goa,584,GOVERNMENT ARTS AND COMMERCE COLLEGE VANSDA
goa,585,GOVERNMENT ARTS AND COMMERCE COLLEGE KHERGAM
gujarat,586,"GOVERNMENT SCIENCE COLLEGE,AHWA,DIST DANG(GUJARAT)"
gujarat,587,GOVERNMENT ARTS COLLEGE SHAHERA
gujarat,588,GOVERNMENT SCIENCE COLLEGE CHIKHLI
gujarat,589,GOVERNMENT ARTS COLLEGE MANINAGAR GANDHINAGAR CHARITABLE TRUST SANCHALIT SAMARPAN ARTS AND
gujarat,590,COMMERCE COLLEGE
gujarat,591,"GUJARAT COMMERCE COLLEGE, ELLISBRIDGE, AHMEDABAD SHRI CHUNILAL HIMMATBHAI BHIL GOVERNMENT ARTS AND COMMERCE"
gujarat,592,"COLLEGE, NASWADI"
gujarat,593,"GOVERNMENT ARTS AND COMMERCE COLLEGE, SAMI"
gujarat,594,SHRI K.K. SHASTRI GOVERNMENT COMMERCE COLLEGE
gujarat,595,D.K.V. ARTS AND SCIENCE COLLEGE
gujarat,596,"SHREE DHANVANTARY PHARMACY COLLEGE GOVERNMENT ARTS COLLEGE,JHAGADIA,DISTRICT-BHARUCH,STATE-"
gujarat,597,GUJARAT
gujarat,598,"GOVERNMENT ARTS AND COMMERCE COLLEGE, PADDHARI"
gujarat,599,"GOVERNMENT ARTS AND COMMERCE COLLEGE, SONGADH"
gujarat,600,GOVERNMENT ARTS AND COMMERCE COLLEGE KATHLAL
gujarat,601,J.S.AYURVEDA MAHAVIDYALAYA
gujarat,602,DINSHA PATEL COLLEGE OF NURSING NADIAD MANEKCHOK CO-OP BANK ARTS AND MAHEMDABAD URBAN PEOPLE CO-
gujarat,603,OP BANK COMMERCE COLLEGE
gujarat,604,SHROFF S R ROTARY INSTITUTE OF CHEMICAL TECHNOLOGY
gujarat,605,DISTRICT INSTITUTE OF EDUCATION AND TRAINING
gujarat,606,"GOVERNMENT DENTAL COLLEGE AND HOSPITAL, AHMEDABAD KANKREJ TALUKA KELVANI MANDAL MANAGED SHRI SEVANTILAL AMRUTLAL SURANI VIDYA SANKUL SMT.KANTABEN KIRTILAL SHAH ARTS"
gujarat,607,"AND SMT.LILAVATIBEN BAPULAL GUNJARIYA COMMERCE COLLEGE, THARA"
gujarat,608,BIRLA VISHVAKARMA MAHAVIDYALAYA
gujarat,609,L. M. COLLEGE OF PHARMACY
gujarat,610,KABIR VIKAS MANDAL DASA SANCHALIT ARTS COLLEGE FATEPURA
gujarat,611,ROFEL SHRI G.M. BILAKHIA COLLEGE OF PHARMACY
gujarat,612,"SHRI SUMANBHAI RANGJIBHAI BHABHOR ARTS COLLEGE, SINGVAD"
gujarat,613,SARDAR PATEL COLLEGE OF COMMERCE
gujarat,614,"G.D.MODI COLLEGE OF ARTS,PALANPUR R R MEHTA COLLEGE OF SCIENCE AND C L PARIKH COLLEGE OF COMMERCE"
gujarat,615,PALANPUR SHRI TRIKAMJIBHAI CHATWANI ARTS & J.V.GOKAL TRUST COMMERCE
gujarat,616,"COLLEGE, RADHANPUR"
gujarat,617,SIR K.P.COLLEGE OF COMMERCE
gujarat,618,SHRI AND SMT. P. K. KOTAWALA ARTS COLLEGE
gujarat,619,M. G. SCIENCE INSTITUTE
gujarat,620,PRAMUKH SWAMI SCIENCE AND H. D. PATEL ARTS COLLEGE
gujarat,621,H L COLLEGE OF COMMERCE
gujarat,622,VITTHALBHAI PATEL & RAJRATNA P.T. PATEL SCIENCE COLLEGE
gujarat,623,COMMERCE COLLEGE YOGIJI MAHARAJ MAHAVIDHYALAYA MAHILA ARTS AND COMMERCE
gujarat,624,"COLLEGE, DHARI"
gujarat,625,"MUNICIPAL ARTS AND URBAN BANK SCIENCE COLLEGE, MEHSANA"
gujarat,626,P. T. SARVAJANIK COLLEGE OF SCIENCE
gujarat,627,SHRI B.P.BRAHMBHATT ARTS AND M.H.GURU COMMERCE COLLEGE Jethiba K. Patel Arts College and B. A. Patel and D. B. Vyas Commerce
gujarat,628,"College, Chanasma SARVAJANIK EDUCATION SOCIETY, MAGANLAL THAKORDAS"
gujarat,629,BALMUKUNDDAS ARTS COLLEGE
gujarat,630,H. AND H. B. KOTAK INSTITUTE OF SCIENCE
gujarat,631,"Shree Kaljibhai R. Katara Arts College, Shamlaji"
gujarat,632,S.M. PATEL COLLEGE OF HOME SCIENCE SMT C.D.JHOBALIA ROFEL ARTS AND SMT I.S R. ACHCHHARIWALA ROFEL
gujarat,633,"COMMERCE COLLEGE,VAPI"
gujarat,634,DHARMENDRASINHJI ARTS COLLEGE
gujarat,635,BAHAUDDIN GOVERNMENT SCIENCE COLLEGE
gujarat,636,BAHAUDDIN GOVT. ARTS COLLEGE
gujarat,637,SHREE G.K. AND C.K. BOSAMIA ARTS AND COMMERCE COLLEGE
gujarat,638,ARTS AND COMMERCE COLLEGE
gujarat,639,GURUKUL MAHILA ARTS AND COMMERCE COLLEGE
gujarat,640,SHRI M M GHODASARA MAHILA ARTS AND COMMERCE COLLEGE
gujarat,641,THE HNSB.LTD. SCIENCE COLLEGE
gujarat,642,D.D.THAKAR ARTS AND K.J.PATEL COMMERCE COLLEGE
gujarat,643,"TOLANI COMMERCE COLLEGE IDAR ANJANA PATIDAR H.K.M ARTS AND P.N.PATEL COMMERCE COLLEGE,"
gujarat,644,IDAR SHREE MEGHMANI PARIVAR AND SHREE BHAILALBHAI A. PATEL
gujarat,645,(DETROJWALA) UMIYA ARTS AND COMMERCE COLLEGE FOR GIRLS
gujarat,646,"Sheth Shree Bhuralal Chhaganlal Shah Arts College,Vadali"
gujarat,647,M. B.PATEL SCIENCE COLLEGE
gujarat,648,"J.ZSHAH ARTS AND H.P.DESAI COMMERCE COLLEGE, AMROLI"
gujarat,649,"C P PATEL AND F H SHAH COMMERCE COLLEGE, ANAND"
gujarat,650,UNI TRUST SURAJBA MAHILA ARTS COLLEGE S. B. GARDA COLLEGE(ARTS) AND P. K. PATEL COLLEGE OF
gujarat,651,"COMMERCE,NAVSARI"
gujarat,652,SHETH R. A. COLLEGE OF ARTS AND COMMERCE SMT RASILABEN RANCHHODBHAI HARIBHAI PATEL MAHILA ARTS COLLEGE
gujarat,653,VIJAPUR
gujarat,654,SHETH P.T. MAHILA COLLEGE OF ARTS AND HOME SCIENCE
gujarat,655,"M.N.COLLEGE, VISNAGAR"
gujarat,656,N S PATEL ARTS COLLEGE
gujarat,657,SMT R M PRAJAPATI ARTS COLLEGE SATLASANA
gujarat,658,ANAND PHARMACY COLLEGE
gujarat,659,MAHAMANDLESHWAR SHRI KRISHNANANDJI COLLEGE OF COMMERCE
gujarat,660,GOVERNMENT COMMERCE COLLEGE
gujarat,661,SPB ENGLISH MEDIUM COLLEGE OF COMMERCE
gujarat,662,GUJARAT ARTS AND COMMERCE COLLEGE (EVENING)
gujarat,663,"SHREE K. P. DHOLAKIYA INFOTECH MAHILA COLLEGE, AMRELI"
gujarat,664,J.P.P. ARTS AND COMMERCE COLLEGE
gujarat,665,SWAMI SAHAJANAND COLLEGE OF COMMERCE AND MANAGEMENT
gujarat,666,GOVERNMENT ARTS COLLEGE
gujarat,667,SHRI P.K. CHAUDHARI MAHILA ARTS COLLEGE
gujarat,668,M P SHAH ARTS AND SCIENCE COLLEGE
gujarat,669,GDC MEMORIAL COLLEGE
gujarat,670,GOVERNMENT COLLEGE FOR WOMEN LAKHAN MAJRA ROHTAK
gujarat,671,"PRIYADARSHINI INDIRA GANDHI GOVT. COLLEGE FOR WOMEN, JIND"
gujarat,672,GOVT COLLEGE FOR WOMEN BAWANI KHERA
gujarat,673,HINDU KANYA MAHAVIDYALAYA JIND
gujarat,674,MAHARANI LAKSHMI BAI COLLEGE
gujarat,675,"INDIRA PRIYADARSHINI COLLEGE FOR WOMEN, JHAJJAR"
gujarat,676,"RAO PAHLAD SINGH DEGREE COLLEGE, BALANA (MAHENDERGARH)"
gujarat,677,AGGARWAL COLLEGE BALLABGARH
gujarat,678,SAT JINDA KALYANA COLLEGE
gujarat,679,PT. CHIRANJI LAL SHARMA GOVT. COLLEGE
gujarat,680,MARKANDA NATIONAL COLLEGE
gujarat,681,K. L. MEHTA DAYANAND COLLEGE FOR WOMEN
gujarat,682,GOVERNMENT COLLEGE
gujarat,683,N.B.G.S.M. COLLEGE
gujarat,684,KANYA MAHAVIDYALAYA
gujarat,685,DAYANAND MAHILA MAHAVIDYALAYA
gujarat,686,MAHARAJA NEEMPAL SINGH GOVERNMENT COLLEGE BHIWANI
gujarat,687,CH. MANI RAM GODARA GOVERNMENT COLLEGE FOR WOMEN
gujarat,688,GANGA INSTITUTE OF TECHNOLOGY AND MANAGEMENT
gujarat,689,GOVT COLLEGE JIND
gujarat,690,"K.M.GOVT.COLLEGE,NARWANA"
haryana,691,GOVERNMENT COLLEGE FOR GIRLS PANCHKULA
haryana,692,GOVERNMENT COLLEGE HISAR
haryana,693,SARLA MEMORIAL GOVERNMENT GIRLS COLLEGE
haryana,694,GOVT. COLLEGE JASSIA
haryana,695,"CH. BANSI LAL GOVERNMENT COLLEGE FOR WOMEN, TOSHAM"
haryana,696,GOVT COLLEGE NALWA
haryana,697,D. A. V. COLLEGE FOR GIRLS
haryana,698,SIR CHHOTU RAM GOVERNMENT COLLEGE FOR WOMEN SAMPLA ROHTAK
haryana,699,GOVERNMENT COLLEGE FOR WOMEN HISAR
haryana,700,"SHAHEED DALBIR SINGH GOVT. COLLEGE, KHARKHODA"
haryana,701,GOVERNMENT COLLEGE NARNAUND
haryana,702,"DR B R AMBEDKAR GOVT COLLEGE, JAGDISHPURA, KAITHAL"
haryana,703,PANIPAT INSTITUTE OF ENGINEERING AND TECHNOLOGY
haryana,704,BRCM COLLEGE OF ENGINEERING AND TECHNOLOGY
haryana,705,"ARYA COLLEGE, PANIPAT"
haryana,706,"TAU DEVI LAL GOVERNMENT COLLEGE FOR WOMEN, MURTHAL, SONIPAT"
haryana,707,"GOVERNMENT COLLEGE, SATNALI"
haryana,708,THE TECHNOLOGICAL INSTITUTE OF TEXTILE AND SCIENCES
haryana,709,GANDHI MEMORIAL NATIONAL COLLEGE
haryana,710,GANDHI MEMORIAL NATIONAL COLLEGE
haryana,711,GOVERNMENT COLLEGE HANSI
haryana,712,GOVERNMENT P.G COLLEGE FOR WOMEN
haryana,713,"GOVT. COLLEGE JUKHALA, DISTT.- BILASPUR, H.P."
haryana,714,GOVT. COLLEGE BASSA (GOHAR)
haryana,715,GOVT. SANSKRIT COLLEGE SOLAN
haryana,716,GOVT. DEGREE COLLEGE THEOG
haryana,717,GOVT. COLLEGE JHANDUTTA
haryana,718,GOVT. COLLEGE SANGRAH
haryana,719,"GOVT. COLLEGE BARSAR, DISTT.- HAMIRPUR (H.P)"
haryana,720,"GOVT. DEGREE COLLEGE DRANG AT NARLA,DISTT. MANDI"
haryana,721,GOVERNMENT DEGREE COLLEGE SHAHPUR DR.YASHWANT SINGH PARMAR GOVERNMENT POST GRADUATE
haryana,722,"COLLEGE,NAHAN"
haryana,723,GOVT. COLLEGE NAURA
haryana,724,GOVERNMENT COLLEGE
haryana,725,GOVT.COLLEGE SERAJ AT LAMBATHACH
haryana,726,GOVERNMENT COLLEGE NAGROTA BAGWAN
himachal pradesh,727,"DHARAMPUR, DISTT. MANDI (H.P.)"
himachal pradesh,728,GOVT COLLEGE OF PHARMACY ROHRU
himachal pradesh,729,"GOVERNMENT P. G. COLLEGE BILASPUR, HIMACHAL PRADESH"
himachal pradesh,730,GOVERNMENT DEGREE COLLEGE SARKAGHAT
himachal pradesh,731,Rajiv Gandhi Memorial Government College Joginder Nagar
himachal pradesh,732,GOVT COLLEGE DHALIARA
himachal pradesh,733,GOVERNMENT COLLEGE KARSOG
himachal pradesh,734,GOVT. DEGREE COLLEGE ARKI
himachal pradesh,735,SHAHEED CAPTAIN VIKRAM BATRA GOVERNMENT COLLEGE
himachal pradesh,736,GOVERNMENT COLLEGE CHAMBA
himachal pradesh,737,SWAMI VIVEKANAND GOVT. COLLEGE GHUMARWIN
himachal pradesh,738,DAV CENTENARY COLLEGE KOTKHAI
himachal pradesh,739,SHREE GURU GOBIND SINGH JI GOVERNMENT COLLEGE PAONTA SAHIB
himachal pradesh,740,LAL BAHADUR SHASTRI GOVT. DEGREE COLLEGE SARASWATI NAGAR
himachal pradesh,741,MAHARAJA LAKSHMAN SEN MEMORIAL COLLEGE
himachal pradesh,742,HASSAN KHOYIHAMI MEMORIAL DEGREE COLLEGE BANDIPORA
himachal pradesh,743,GANDHI MEMORIAL COLLEGE SRINAGAR GOVERNMENT GENERAL ZORAWAR SINGH MEMORIAL DEGREE COLLEGE
himachal pradesh,744,REASI
himachal pradesh,745,"GOVT. DEGREE COLLEGE DODA, J AND K"
himachal pradesh,746,GOVT. DEGREE COLLEGE MENDHAR
himachal pradesh,747,GOVERNMENT DEGREE COLLEGE SAMBA
himachal pradesh,748,GOVT. DEGREE COLLEGE THANNAMANDI
himachal pradesh,749,GOVERNMENT DEGREE COLLEGE KULGAM
himachal pradesh,750,"GOVT DEGREE COLLEGE URI, BARAMULLA"
himachal pradesh,751,GIRDARI LAL DOGRA MEMORIAL DEGREE COLLEGE HIRANAGAR
himachal pradesh,752,GOVERNMENT DEGREE COLLEGE KARGIL
himachal pradesh,753,SSM COLLEGE OF ENGINEERING
himachal pradesh,754,GOVT DEGREE COLLEGE BIJBEHARA
himachal pradesh,755,GOVERNMENT DEGREE COLLEGE RAMBAN
himachal pradesh,756,GOVT. DEGREE COLLEGE BEERWAH
jammu & kashmir,757,"GOVT. DEGREE COLLEGE FOR WOMEN, PULWAMA"
jammu & kashmir,758,GOVT. DEGREE COLLEGE RAMNAGAR
jammu & kashmir,759,GOVERNMENT DEGREE COLLEGE SUMBAL
jammu & kashmir,760,MODEL GOVERNMENT DEGREE COLLEGE CHRARI SHARIEF
jammu & kashmir,761,"GOVERNMENT DEGREE COLLEGE, BASOHLI."
jammu & kashmir,762,"GOVERNMENT DEGREE COLLEGE , PATTAN"
jammu & kashmir,763,"GOVERNMENT DEGREE COLLEGE, AKHNOOR"
jammu & kashmir,764,"GOVT. DEGREE COLLEGE, NOWSHERA"
jammu & kashmir,765,GOVERNMENT DEGREE COLLEGE BILLAWAR
jammu & kashmir,766,"GOVT. DEGREE COLLEGE DOORU, ANANTNAG KASHMIR"
jammu & kashmir,767,GOVT. DEGREE COLLEGE KILAM
jammu & kashmir,768,ELIEZER JOLDAN MEMORIAL COLLEGE LEH
jammu & kashmir,769,GOVT DEGREE COLLEGE TANGMARG
jammu & kashmir,770,GOVT. COLLEGE FOR WOMEN UDHAMPUR
jammu & kashmir,771,SHEIKHUL ALAM MEMORIAL DEGREE COLLEGE BUDGAM
jammu & kashmir,772,GOVT DEGREE COLLEGE FOR WOMEN SOPORE
jammu & kashmir,773,GOVT. DEGREE COLLEGE TRAL
jammu & kashmir,774,GOVERNMENT DEGREE COLLEGE MAGAM
jammu & kashmir,775,GOVERNMENT DEGREE COLLEGE UTTERSOO
jammu & kashmir,776,GOVT. DEGREE COLLEGE PAMPORE
jammu & kashmir,777,GOVT. DEGREE COLLEGE R S PURA
jammu & kashmir,778,GOVT. DEGREE COLLEGE KOKERNAG
jammu & kashmir,779,GOVERNMENT DEGREE COLLEGE GANDERBAL IQBAL INSTITUTE OF TECHNOLOGY AND MANAGEMENT HYDERPORA
jammu & kashmir,780,SRINAGAR
jammu & kashmir,781,GOVERNMENT DEGREE COLLEGE KHOUR
jammu & kashmir,782,"SRINAGAR WOMEN'S COLLEGE, SRINAGAR"
jammu & kashmir,783,GOVERNMENT DEGREE COLLEGE (WOMEN) KUPWARA
jammu & kashmir,784,GOVT. DEGREE COLLEGE FOR WOMEN KATHUA
jammu & kashmir,785,"GOVT. DEGREE COLLEGE BUDHAL, RAJOURI"
jammu & kashmir,786,GOVERNMENT DEGREE COLLEGE SURANKOTE
jammu & kashmir,787,"GOVT. DEGREE COLLEGE, BISHNAH"
jammu & kashmir,788,"Govt.College for Women, Parade Ground"
jammu & kashmir,789,"Govt.College for Women, Parade Ground"
jammu & kashmir,790,GOVERNMENT DEGREE COLLEGE D.H. PORA
jammu & kashmir,791,GOVERNMENT S.P.M.R. COLLEGE OF COMMERCE
jammu & kashmir,792,GOVT GANDHI MEMORIAL SCIENCE COLLEGE JAMMU
jammu & kashmir,793,Maulana Azad Memorial College
jammu & kashmir,794,GOVT. COLLEGE FOR WOMEN
jammu & kashmir,795,GOVT. DEGREE COLLEGE FOR WOMEN ANANTNAG
jammu & kashmir,796,GOVERNMENT DEGREE COLLEGE KUPWARA
jammu & kashmir,797,GOVERNMENT DEGREE COLLEGE
jammu & kashmir,798,KARIM CITY COLLEGE
jammu & kashmir,799,GOVERNMENT DEGREE COLLEGE
jammu & kashmir,800,"GOVT. DEGREE COLLEGE, KATHUA"
jammu & kashmir,801,GOVERNMENT DEGREE COLLEGE (BOYS)
jammu & kashmir,802,GOVT. DEGREE COLLEGE UDHAMPUR
jammu & kashmir,803,GOVERNMENT DEGREE COLLEGE
jammu & kashmir,804,"GOVT. DEGREE COLLEGE FOR WOMEN, BARAMULLAH, KMR."
jammu & kashmir,805,GOVERNMENT DEGREE COLLEGE
jammu & kashmir,806,SHRI KRISHAN CHANDER GOVT. DEGREE COLLEGE POONCH
jammu & kashmir,807,INSTITUTE OF DENTAL SCIENCES
jammu & kashmir,808,Govt. College of Education (IASE)
jammu & kashmir,809,LAL BAHADUR SHASTRI COLLEGE OF EDUCATION RAJBAGH KATHUA JAMMU
jammu & kashmir,810,SURAJ SINGH MEMORIAL COLLEGE
jammu & kashmir,811,"ADARSH COLLEGE, RAJDHANWAR"
jammu & kashmir,812,XITE GAMHARIA
jammu & kashmir,813,"GOSSNER COLLEGE, RANCHI"
jammu & kashmir,814,SANTOSH COLLEGE OF TEACHERS TRAINING AND EDUCATION
jammu & kashmir,815,RAM SAHAI MULL MORE COLLEGE
jammu & kashmir,816,"ST. XAVIER'S COLLEGE, RANCHI"
jammu & kashmir,817,MRS. KMPM VOCATIONAL COLLEGE
jammu & kashmir,818,KASHI SAHU COLLEGE SERAIKELLA
jammu & kashmir,819,"B.S.K. COLLEGE, BARHARWA"
jammu & kashmir,820,SANJAY GANDHI MEMORIAL COLLEGE
jharkhand,821,MANDAR COLLEGE MANDAR
jharkhand,822,VANANCHAL DENTAL COLLEGE AND HOSPITAL
jharkhand,823,VANANCHAL COLLEGE OF SCIENCE DEVKI MAHAVEER HOMOEOPATHIC MEDICAL COLLEGE AND RESEARCH
jharkhand,824,HOSPITAL
jharkhand,825,VANANCHAL COLLEGE TANDAWA
jharkhand,826,"A. B. M. COLLEGE, JAMSHEDPUR"
jharkhand,827,MAJDUR KISAN COLLEGE
jharkhand,828,"SARIYA COLLEGE, SURIYA"
jharkhand,829,ST. XAVIER'S COLLEGE
jharkhand,830,RAM LAKHAN SINGH YADAV COLLEGE RANCHI
jharkhand,831,JANTA SHIVRATRI COLLEGE
jharkhand,832,GANESH LAL AGRAWAL COLLEGE MEDININAGAR
jharkhand,833,BIT SINDRI
jharkhand,834,NIRMALA COLLEGE
jharkhand,835,JHARKHAND TEACHER'S TRAINING COLLEGE
jharkhand,836,BIRSA COLLEGE KHUNTI
jharkhand,837,"PATAMDA DEGREE COLLEGE,JALLA"
jharkhand,838,B S K COLLEGE MAITHON DHANBAD
jharkhand,839,"J. K. S. COLLEGE, MANGO, JAMSHEDPUR"
jharkhand,840,G.D. BAGARIA TEACHERS' TRAINING COLLEGE
jharkhand,841,GRIZZLY COLLEGE OF EDUCATION
jharkhand,842,SRI RAMAKRISHNA SARADA ASHRAMA TEACHER'S TRAINING COLLEGE
jharkhand,843,RAM KRISHNA VIVEKANAND COLLEGE OF EDUCATION DUMKA ENGINEERING COLLEGE (ESTD. BY GOVT. OF JHARKHAND AND RUN
jharkhand,844,BY TECHNO INDIA UNDER PPP)
jharkhand,845,GAUTAM BUDDHA TEACHERS' TRAINING COLLEGE HAZARIBAG
jharkhand,846,AL-HABEEB TEACHERS' TRAINING COLLEGE
jharkhand,847,MAHARSHI PARAMHANSH COLLEGE OF EDUCATION
jharkhand,848,"CHITARPUR COLLEGE, CHITARPUR"
jharkhand,849,MARWARI COLLEGE
jharkhand,850,"GIRIDIH COLLEGE, GIRIDIH"
jharkhand,851,RESEARCH
jharkhand,852,"P.K. ROY MEMORIAL COLLEGE, DHANBAD"
jharkhand,853,"GURU NANAK COLLEGE, DHANBAD"
jharkhand,854,IMAMUL HAI KHAN LAW COLLEGE
jharkhand,855,CHOTANAGPUR LAW COLLEGE
jharkhand,856,"MAYURAKSHI GRAMIN COLLEGE, RANISHWAR, DUMKA, JHARKHAND."
jharkhand,857,SHRI SHANKAR ANAND SINGH GOVERNMENT FIRST GRADE COLLEGE
jharkhand,858,KVG DENTAL COLLEGE AND HOSPITAL
jharkhand,859,DUDDUPUDI DEGREE COLLEGE FOR WOMEN
jharkhand,860,JYOTI NIVAS COLLEGE AUTONOMOUS
jharkhand,861,RAMAIAH COLLEGE OF LAW
jharkhand,862,SIDDAGANGA INSTITUTE OF TECHNOLOGY
jharkhand,863,"P. E. S. COLLEGE OF ENGINEERING, MANDYA Smt. Gali Rukminamma Chengareddy Memorial Government Commerce"
jharkhand,864,and Management College BLDEA'S SHRI SANGANABASAVA MAHASWAMIJI COLLEGE OF PHARMACY
jharkhand,865,AND RESEARCH CENTRE BLDEA'S SHRI SANGANABASAVA MAHASWAMIJI COLLEGE OF PHARMACY
jharkhand,866,AND RESEARCH CENTRE
jharkhand,867,MALNAD COLLEGE OF ENGINEERING
jharkhand,868,"SIR M VISVESVARAYA INSTITUTE OF TECHNOLOGY, BANGALORE"
jharkhand,869,"BLDEA'S LAW COLLEGE, JAMKHANDI"
jharkhand,870,GOVERNMENT FIRST GRADE COLLEGE RAICHUR
jharkhand,871,MANGALORE INSTITUTE OF TECHNOLOGY AND ENGINEERING
jharkhand,872,MANGALORE INSTITUTE OF TECHNOLOGY AND ENGINEERING
jharkhand,873,GOVERNMENT FIRST GRADE COLLEGE MAHAGAON CROSS
jharkhand,874,BMS SCHOOL OF ARCHITECTURE
jharkhand,875,GFGC JAGALUR
jharkhand,876,ST. JOSEPH'S COLLEGE OF COMMERCE (AUTONOMOUS)
jharkhand,877,GOVT. FIRST GRADE COLLEGE RAIBAG
karnataka,878,VIDYAVARDHAKA COLLEGE OF ENGINEERING
karnataka,879,"SETH CHUNILAL AMARCHAND BOHRA LAW COLLEGE,RAICHUR"
karnataka,880,"GOVERNMENT FIRST GRADE COLLEGE, KANAKAPURA SHRI KALAVARA VARADARAJA M SHETTY GOVT FIRST GRADE COLLEGE"
karnataka,881,",KUNDAPURA"
karnataka,882,GOVT FIRST GRADE COLLEGE
karnataka,883,RR INSTITUTE OF TECHNOLOGY
karnataka,884,SESHADRIPURAM INSTITUTE OF COMMERCE AND MANAGEMENT BLDEAS VACHANA PITAMAHA DR. P. G. HALAKATTI COLLEGE OF
karnataka,885,"ENGINEERING AND TECHNOLOGY, VIJAYAPURA"
karnataka,886,NIE FIRST GRADE COLLEGE
karnataka,887,"KARNATAK ARTS AND COMMERCE COLLEGE DHARWAD HKE'S S NIJALINGAPPA INSTITUTE OF DENTAL SCIENCES AND RESEARCH,"
karnataka,888,GULBARAGA
karnataka,889,KARNATAK SCIENCE COLLEGE
karnataka,890,"BANGUR NAGAR ARTS, SCIENCE AND COMMERCE COLLEGE DAYANANDA SAGAR ACADEMY OF TECHNOLOGY AND MANAGEMENT,"
karnataka,891,BENGALURU
karnataka,892,D. V. S. ARTS AND SCIENCE COLLEGE
karnataka,893,"S.E.A COLLEGE OF SCIENCE, COMMERCE ARTS LAL BAHADUR ARTS, SCIENCE AND S. B. SOLABANNA SHETTY COMMERCE"
karnataka,894,COLLEGE
karnataka,895,"SRISAILA JAGADGURU VAGEESHA PANDITARADHYA COLLEGE, HARIHARA"
karnataka,896,MVJ COLLEGE OF ENGINEERING
karnataka,897,D. R. M. SCIENCE COLLEGE
karnataka,898,GOVERNMENT FIRST GRADE COLLEGE BIRUR
karnataka,899,MANGALORE ACADEMY OF PROFESSIONAL STUDIES
karnataka,900,GOVERNMENT FIRST GRADE COLLEGE BHALKI
karnataka,901,ACHARYA TULSI NATIONAL COLLEGE OF COMMERCE
karnataka,902,SJM INSTITUTE OF TECHNOLOGY
karnataka,903,KOSHYS INSTITUTE OF MANAGEMENT STUDIES
karnataka,904,"JSS COLLEGE OF ARTS, COMMERCE AND SCIENCE"
karnataka,905,MAHARAJA'S COLLEGE
karnataka,906,K.L.E. SOCIETY'S LAW COLLEGE
karnataka,907,GOVT FIRST GRADE COLLEGE LINGASUGUR
karnataka,908,R N S FIRST GRADE COLLEGE
karnataka,909,DON BOSCO INSTITUTE OF TECHNOLOGY
karnataka,910,"HIRASUGAR INSTITUTE OF TECHNOLOGY,NIDASOSHI SOUTH KONKAN EDUCATION SOCIETY'S GOVINDRAM SEKSARIA SCIENCE"
karnataka,911,COLLEGE SOUTH KONKAN EDUCATION SOCIETY'S RANI PARVATI DEVI COLLEGE OF
karnataka,912,ARTS AND COMMERCE
karnataka,913,SRI VENKATESHWARA COLLEGE OF ENGINEERING
karnataka,914,SRINIVAS INSTITUTE OF TECHNOLOGY
karnataka,915,JSS COLLEGE OF PHYSIOTHERAPY
karnataka,916,DAYANANDA SAGAR BUSINESS ACADEMY
karnataka,917,COORG INSTITUTE OF DENTAL SCIENCES
karnataka,918,KARNATAK LAW SOCIETY'S GOGTE COLLEGE OF COMMERCE
karnataka,919,CITY ENGINEERING COLLEGE
karnataka,920,"SHARANABASAVESHWARA COLLEGE OF COMMERCE, KALABURAGI"
karnataka,921,SRI JATANGI RAMESHWARA RURAL FIRST GRADE COLLEGE
karnataka,922,"ST. ANNE'S DEGREE COLLEGE, VIRAJPET"
karnataka,923,SESHADRIPURAM COMMERCE COLLEGE
karnataka,924,SESHADRIPURAM ACADEMY OF BUSINESS STUDIES
karnataka,925,GOVERNMENT FIRST GRADE COLLEGE
karnataka,926,"GOVERNMENT FIRST GRADE COLLEGE, PUNJALAKATTE"
karnataka,927,KRUPANIDHI DEGREE COLLEGE
karnataka,928,ST. ALOYSIUS DEGREE COLLEGE
karnataka,929,"S.S.K. Basaveshwar Arts, Science, Commerce, UG and PG College GOVERNMENT FIRST GRADE COLLEGE ,NAVANAGAR,"
karnataka,930,"BAGALKOT,KARNATAKA"
karnataka,931,VIDYA VIKAS INSTITUTE OF ENGINEERING AND TECHNOLOGY
karnataka,932,"K. S. INSTITUTE OF TECHNOLOGY MAHARANI'S WOMEN'S COMMERCE AND MANAGEMENT COLLEGE,"
karnataka,933,MYSORE
karnataka,934,"GOVERNMENT FIRST GRADE COLLEGE, THYAMAGONDLU"
karnataka,935,GOVERNMENT FIRST GRADE COLLEGE HUMNABAD
karnataka,936,POORNAPRAJNA INSTITUTE OF MANAGEMENT
karnataka,937,"NEW HORIZON COLLEGE, MARATHALLI"
karnataka,938,"GOVERNMENT FIRST GRADE COLLEGE, PANCHANAHALLI"
karnataka,939,"GOVT. FIRST GRADE COLLEGE, VARTHUR, BANGALORE"
karnataka,940,SRI SAIRAM COLLEGE OF ENGINEERING SMT. GOURAMMA KOM BASAVANNEPPA ANKALKOTI GOVERNMENT FIRST
karnataka,941,"GRADE COLLEGE, SHIGGAON, TA. SHIGGAON, DIST. HAVERI"
karnataka,942,J. S. S. COLLEGE FOR WOMEN (AUTONOMOUS)
karnataka,943,TERESIAN COLLEGE
karnataka,944,SHRI MADHWA VADIRAJA INSTITUTE OF TECHNOLOGY AND MANAGEMENT
karnataka,945,UNIVERSITY COLLEGE OF ARTS
karnataka,946,UNIVERSITY COLLEGE OF SCIENCE
karnataka,947,ANGADI INSTITUTE OF TECHNOLOGY AND MANAGEMENT
karnataka,948,PES INSTITUTE OF TECHNOLOGY AND MANAGEMENT
karnataka,949,SIR M. V. GOVERNMENT ARTS AND COMMERCE COLLEGE
karnataka,950,SIR. M.V. GOVERNMENT SCIENCE COLLEGE GOVERNMENT RAMNARAYAN CHELLARAM COLLEGE OF COMMERCE AND
karnataka,951,MANAGEMENT
karnataka,952,GOVERNMENT ARTS COLLEGE
karnataka,953,"THE NATIONAL INSTITUTE OF ENGINEERING, MYSURU"
karnataka,954,GOVERNMENT FIRST GRADE COLLEGE
karnataka,955,GSSS INSTITUTE OF ENGINEERING AND TECHNOLOGY FOR WOMEN
karnataka,956,GOVERNMENT FIRST GRADE COLLEGE K G F
karnataka,957,"GOVERNMENT SCIENCE COLLEGE , HASSAN"
karnataka,958,"GOVERNMENT SCIENCE COLLEGE , HASSAN"
karnataka,959,"GOVERNMENT FIRST GRADE COLLEGE, CHANNAPATNA"
karnataka,960,"GOVERNMENT ARTS, COMMERCE AND POST GRADUATE COLLEGE"
karnataka,961,"GOVERNMENT ARTS, COMMERCE AND POST GRADUATE COLLEGE"
karnataka,962,Government Arts College (Autonomous) Chitradurga
karnataka,963,GOVERNMENT FIRST GRADE COLLEGE
karnataka,964,H. P. P. C. GOVERNMENT FIRST GRADE COLLEGE
karnataka,965,GOVERNMENT SCIENCE COLLEGE
karnataka,966,"GOVT. FIRST GRADE COLLEGE, BAGEPALLI"
karnataka,967,GOVERNMENT ARTS AND SCIENCE COLLEGE
karnataka,968,SRI DEVARAJ URS COLLEGE OF NURSING
karnataka,969,MAHARANI'S ARTS COLLEGE FOR WOMEN
karnataka,970,GOVERNMENT COLLEGE FOR WOMEN (AUTONOMOUS)
karnataka,971,ADMINISTRATIVE MANAGEMENT COLLEGE
karnataka,972,GOVERNMENT FIRST GRADE COLLEGE
karnataka,973,SHRI SIDDESHWAR GOVERNMENT FIRST GRADE COLLEGE
karnataka,974,"GOVERNMENT COLLEGE, GULBARGA SMT. SARLADEVI SATISHCHANDRA AGARWAL GOVERNMENT FIRST GRADE"
karnataka,975,COLLEGE- AUTONOMOUS
karnataka,976,SRI MAHADESHWARA GOVERNMENT FIRST GRADE COLLEGE
karnataka,977,GOPALAN COLLEGE OF ENGINEERING AND MANAGEMENT
karnataka,978,GOVERNMNENT FIRST GRADE COLLEGE
karnataka,979,NMKRV COLLEGE FOR WOMEN
karnataka,980,"GOVERNMENT FIRST GRADE COLLEGE JEWARGI K.L.E SOCIETY'S SHRI MRITYUNJAYA COLLEGE OF ARTS AND COMMERCE ,"
karnataka,981,DHARWAD
karnataka,982,GOVERNMENT FIRST GRADE COLLEGE HAROHALLI
karnataka,983,"GOVERNMENT LAW COLLEGE, RAMANAGARA"
karnataka,984,"GOVERNMENT FIRST GRADE COLLEGE, BADAVANAHALLI MYSORE MAKKALA KOOTA AND SHRI DHARMASTALA"
karnataka,985,MANJUNATHESHWARA MAHILA MAHAVIDYALAYA
karnataka,986,"GOVERNMENT FIRST GRADE COLLEGE, SIDDAKATTE"
karnataka,987,"GOVERNMENT FIRST GRADE COLLEGE, NAVALGUND. DIST. DHARWAD"
karnataka,988,GOVERNMENT FIRST GRADE COLLEGE KALAGI
karnataka,989,MILAGRES COLLEGE
karnataka,990,GOVT FIRST GRADE COLLEGE KOKATANOOR
karnataka,991,"GOVERNMENT FIRST GRADE COLLEGE, KALAGHATAGI. DIST. DHARWAD Shree Benakappa Shankrappa Simhasanad Government First Grade College,"
karnataka,992,Gajendragad
karnataka,993,"GOVERNMENT FIRST GRADE COLLEGE, HIRISAVE Sri Mariyappa Balappa Kalakonnavar Government First Grade College"
karnataka,994,Naregal
karnataka,995,"KLE SOCIETY'S LINGARAJ COLLEGE, BELAGAVI (AUTONOMOUS)"
karnataka,996,BANKATLAL RAJARAM BOOB COLLEGE OF COMMERCE
karnataka,997,"GOVERNMENT FIRST GRADE COLLEGE FOR WOMEN, K.R. PETE"
karnataka,998,"GOVT. FIRST GRADE COLLEGE, K R SAGARA"
karnataka,999,BANGALORE INSTITUTE OF TECHNOLOGY SHRI CHANDRASHEKHAR MALLIKARJUN MAMANI GOVERNMENT FIRST
karnataka,1000,"GRADE COLLEGE YARAGATTI GOVERNMENT FIRST GRADE COLLEGE, AT. CHIKKABASUR, DIST. HAVERI,"
karnataka,1001,STATE-KARNATAKA SDM COLLEGE OF BUSINESS MANAGEMENT POST GRADUATE CENTRE FOR
karnataka,1002,MANAGEMENT STUDIES AND RESEARCH SRI KOLLI NAGESHWARRAO GANGAIAH GOVERNMENT FIRST GRADE
karnataka,1003,"COLLEGE, GANGAVATHI SRI DHARMASTHALA MANJUNATHESHWARA COLLEGE(AUTONOMOUS),"
karnataka,1004,UJIRE
karnataka,1005,IDSG GOVERNMENT COLLEGE
karnataka,1006,GOVERNMENT FIRST GRADE COLLEGE
karnataka,1007,NAVODAYA INSTITUTE OF TECHNOLOGY
karnataka,1008,TONTADARYA COLLEGE OF ENGINEERING
karnataka,1009,SRI KRISHNA INSTITUTE OF TECHNOLOGY
karnataka,1010,ST JOSEPH ENGINEERING COLLEGE
karnataka,1011,ST. ALOYSIUS COLLEGE (AUTONOMOUS)
karnataka,1012,ALVA'S INSTITUTE OF ENGINEERING AND TECHNOLOGY
karnataka,1013,"H. K. E. SOCIETY'S S. L. N. COLLEGE OF ENGINEERING GOVERNMENT FIRST GRADE COLLEGE FOR WOMEN, BALMATTA,"
karnataka,1014,MANGALORE
karnataka,1015,"GOVERNMENT HOME SCIENCE COLLEGE SHRI C M PANCHAKATTIMATH GOVERNMENT FIRST GRADE COLLEGE,"
karnataka,1016,LOKAPUR
karnataka,1017,"SHAH SOGAMAL PEERAJI OSWAL GOVERNMENT FIRST GRADE COLLEGE K.L.E.SOCIETY'S JAGADGURU TONTADARYA COLLEGE,MASARI"
karnataka,1018,"EXTENSION,GADAG."
karnataka,1019,"GOVERNMENT FIRST GRADE COLLEGE, TARIKERE"
karnataka,1020,"GOVERNMENT FIRST GRADE COLLEGE JAVAGAL SHRI JAGADGURU TONTADARYA GOVERNMENT FIRST GRADE COLLEGE,"
karnataka,1021,MUNDARGI
karnataka,1022,"GOVERNMENT FIRST GRADE COLLEGE, HONNAVAR"
karnataka,1023,"GOVERNMENT FIRST GRADE COLLEGE ,HULLAHALLY"
karnataka,1024,"GOVERNMENT FIRST GRADE COLLEGE, SAKHARAYAPATTANA"
karnataka,1025,GOVERNMENT FIRST GRADE COLLEGE HANUR
karnataka,1026,"GOVERNMENT FIRST GRADE COLLEGE, HALAGURU, MALAVALLI"
karnataka,1027,"GOVERNMENT FIRST GRADE COLLEGE, SIDDARTHA LAYOUT"
karnataka,1028,GOVERNMENT COLLEGE ALUR
karnataka,1029,VIJAYA VITTALA INSTITUTE OF TECHNOLOGY
karnataka,1030,K S SCHOOL OF ENGINEERING AND MANAGEMENT
karnataka,1031,SAPTHAGIRI COLLEGE OF ENGINEERING
karnataka,1032,DR.N.S.A.M. FIRST GRADE COLLEGE
karnataka,1033,APS COLLEGE OF ENGINEERING
karnataka,1034,GOVERNMENT FIRST GRADE COLLEGE
karnataka,1035,MILAGRES COLLEGE KALLIANPUR
karnataka,1036,POMPEI COLLEGE
karnataka,1037,"GOVERNMENT FIRST GRADE COLLEGE,CHIKODI"
karnataka,1038,RR COLLEGE OF PHARMACY
karnataka,1039,"JSS ACADEMY OF TECHNICAL EDUCATION, BANGALORE"
karnataka,1040,CANARA COLLEGE
karnataka,1041,ST PHILOMENA COLLEGE
karnataka,1042,"B.L.D.E. ASSOCIATION'S COMMERCE, BHS ARTS AND TGP SCIENCE COLLEGE"
karnataka,1043,M. S. RAMAIAH MEDICAL COLLEGE
karnataka,1044,"M. E. S. COLLEGE OF ARTS, COMMERCE AND SCIENCE"
karnataka,1045,"GOVERNMENT FIRST GRADE COLLEGE FOR WOMEN, YADGIR"
karnataka,1046,SARASWATHI LAW COLLEGE
karnataka,1047,"PADUA COLLEGE OF COMMERCE AND MANAGEMENT K. L. E. SOCIETY'S GUDLEPPA HALLIKERI ARTS, SCIENCE AND COMMERCE"
karnataka,1048,"COLLEGE K.L.E SOCIETY'S SHRI SHIVAYOGI MURUGHENDRA SWAMIJI ARTS, SCIENCE"
karnataka,1049,"AND COMMERCE COLLEGE, ATHANI"
karnataka,1050,PES INSTITUTE OF ADVANCED MANAGEMENT STUDIES
karnataka,1051,SHARAVATHI DENTAL COLLEGE AND HOSPITAL
karnataka,1052,MAHARAJA INSTITUTE OF TECHNOLOGY MYSORE
karnataka,1053,K.E.BOARD'S FIRST GRADE ARTS AND COMMERCE COLLEGE
karnataka,1054,B.M.S. COLLEGE OF LAW
karnataka,1055,GOVERNMENT FIRST GRADE COLLEGE FOR WOMEN
karnataka,1056,MODERN EDUCATION SOCIETY'S M. M. ARTS AND SCIENCE COLLEGE
karnataka,1057,M.E.S. COLLEGE OF COMMERCE
karnataka,1058,"GURU NANAK FIRST GRADE COLLEGE, BIDAR"
karnataka,1059,SAI VIDYA INSTITUTE OF TECHNOLOGY
karnataka,1060,GOVERNMENT FIRST GRADE COLLEGE ANAVATTI SMT. GOWRAMMA AND SRI D K KEMPEGOWDA GOVERNMENT DEGREE
karnataka,1061,COLLEGE
karnataka,1062,"GOVERNMENT FIRST GRADE COLLEGE, CHINCHOLI"
karnataka,1063,"GOVERNMENT FIRST GRADE COLLEGE, DANDELI"
karnataka,1064,GOVERNMENT FIRST GRADE COLLEGE ATHANI
karnataka,1065,"GOVERNMENT FIRST GRADE COLLEGE, BHATKAL"
karnataka,1066,MES INSTITUTE OF MANAGEMENT
karnataka,1067,SIDDHARTH ARTS AND COMMERCE DEGREE COLLEGE BIDAR
karnataka,1068,Shri Mahadevappa Basalingappa Halli Government First Grade College
karnataka,1069,"GOVERNMENT FIRST GRADE COLLEGE, BHARATHINAGARA"
karnataka,1070,"GOVERNMENT FIRST GRADE COLLEGE, TALAKAD"
karnataka,1071,"GOVERNMENT FIRST GRADE COLLEGE, COX TOWN, FRAZER TOWN POST"
karnataka,1072,GOVERNMENT FIRST GRADE COLLEGE GOKAK
karnataka,1073,VIDYA VARDHAKA SANGHA FIRST GRADE COLLEGE
karnataka,1074,GOVERNMENT FIRST GRADE COLLEGE
karnataka,1075,"GOVERNMENT FIRST GRADE COLLEGE- K R PURAM, BENGALURU"
karnataka,1076,GOVERNMENT FIRST GRADE COLLEGE MUDIPU
karnataka,1077,KANARA WELFARE TRUST'S DIVEKAR COLLEGE OF COMMERCE
karnataka,1078,K. L. E. SOCIETY'S ARTS AND COMMERCE COLLEGE
karnataka,1079,"GOVERNMENT FIRST GRADE COLLEGE K. L. E. SOCIETY'S BASAVAPRABHU KORE ARTS, SCIENCE AND COMMERCE"
karnataka,1080,"COLLEGE, CHIKODI"
karnataka,1081,"K.L.E. SOCIETY'S G.I.BAGEWADI ARTS, SCIENCE AND COMMERCE COLLEGE"
karnataka,1082,"GOVERNMENT FIRST GRADE COLLEGE, GUBBI."
karnataka,1083,GOVERNMENT FIRST GRADE COLLEGE KUNIGAL
karnataka,1084,"A.R.M. FIRST GRADE COLLEGE, DAVANAGERE."
karnataka,1085,"GOVERNMENT FIRST GRADE COLLEGE SHRI. SHARANA NOOLIYA CHANDAYYA DR.B.R. AMBEDKAR SMARAKA A.K.K. EDUCATION SOCIETY'S ARTS AND COMMERCE COLLEGE, GANGADHAR"
karnataka,1086,"NAGAR, HUBLI-KARNATAKA"
karnataka,1087,GOVERNMENT FIRST GRADE COLLEGE
karnataka,1088,ATME COLLEGE OF ENGINEERING
karnataka,1089,GOVERNMENT FIRST GRADE COLLEGE BETTADAPURA
karnataka,1090,"S B PATIL INSTITUTE FOR DENTAL SCIENCES AND RESEARCH, BIDAR."
karnataka,1091,VIJAYA COLLEGE
karnataka,1092,KRUPANIDHI GROUP OF INSTITUTIONS
karnataka,1093,"AL-BADAR RURAL DENTAL COLLEGE AND HOSPITAL, KALABURAGI"
karnataka,1094,"SRI BHUVANENDRA COLLEGE VIDYABHARATHI FOUNDATIONS,IBMR COLLEGE OF BBA,BCA,BCOM AND"
karnataka,1095,POST GRADUATE STUDIES IN COMMERCE AND MANAGEMENT
karnataka,1096,SILICON CITY COLLEGE OF MANAGEMENT AND COMMERCE
karnataka,1097,"GOVT FIRST GRADE COLLEGE, PASCHAPUR"
karnataka,1098,Smt Honnuramma Late M. Siddappa Government First Grade College
karnataka,1099,DR.T.THIMMAIAH INSTITUTE OF TECHNOLOGY
karnataka,1100,"R. T. E SOCIETY'S RURAL ENGINEERING COLLEGE, HULKOTI"
karnataka,1101,SANKARA COLLEGE OF OPTOMETRY
karnataka,1102,GOVERNMENT FIRST GRADE COLLEGE HUKKERI
karnataka,1103,"GOVERNMENT FIRST GRADE COLLEGE, KENGERI."
karnataka,1104,VYDEHI INSTITUTE OF DENTAL SCIENCES AND RESEARCH CENTRE
karnataka,1105,"SRI MAHAVEERA FIRST GRADE COLLEGE, MOODBIDRI"
karnataka,1106,GOVERNMENT FIRST GRADE COLLEGE TERDAL
karnataka,1107,"SRI DHAVALA COLLEGE SRI ARALI SIDDLINGAPPA BASAPPA GOVERNMENT FIRST GRADE COLLEGE,"
karnataka,1108,SUNAKALBIDRI.
karnataka,1109,GOVERNMENT FIRST GRADE COLLEGE TILAVALLI
karnataka,1110,Dr. B. B. HEGDE FIRST GRADE COLLEGE KUNDAPURA
karnataka,1111,INDIAN INSTITUTE OF PSYCHOLOGY AND RESEARCH (IIPR)
karnataka,1112,NTSS'S SHRI SHANKAR ARTS AND COMMERCE COLLEGE NAVALGUND BLDEA'S SMT.BANGARAMMA SAJJAN ARTS AND COMMERCE COLLEGE FOR
karnataka,1113,"WOMEN, VIJAYAPURA"
karnataka,1114,GOVERNMENT FIRST GRADE COLLEGE FOR WOMEN BYRAPURA
karnataka,1115,"B.L.D.E.ASSOCIATION'S S.B ARTS AND K.C.P SCIENCE COLLEGE DEVANAMPRIYA ASHOK GOVERNMENT FIRST GRADE COLLEGE MASKI,"
karnataka,1116,RAICHURU-DIST
karnataka,1117,GOVERNMENT FIRST GRADE COLLEGE PEENYA
karnataka,1118,GOVERNMENT FIRST GRADE COLLEGE HESARAGHATTA BENGALURU
karnataka,1119,GOVERNMENT FIRST GRADE COLLEGE MEDIGESHI
karnataka,1120,GOVERNMENT FIRST GRADE COLLEGE BUKKAPATNA
karnataka,1121,"GOVERNMENT LAW COLLEGE, SALGAME ROAD, HASSAN"
karnataka,1122,"GOVERNMENT LAW COLLEGE, KOLAR"
karnataka,1123,"GOVERNMENT FIRST GRADE COLLEGE, SAGAR"
karnataka,1124,"GOVERNMENT FIRST GRADE COLLEGE FOR WOMEN, PAVAGADA"
karnataka,1125,"GOVERNMENT FIRST GRADE COLLEGE, KAVOOR."
karnataka,1126,PAVAGADA
karnataka,1127,GOVERNMENT FIRST GRADE COLLEGE ZALAKI
karnataka,1128,GOVERNMENT FIRST GRADE COLLEGE HOSKOTE
karnataka,1129,GOVERNMENT FIRST GRADE COLLEGE PUTTUR
karnataka,1130,GOVT FIRST GRADE COLLEGE MUNIYALU
karnataka,1131,GOVERNMENT FIRST GRADE COLLEGE RABAKAVI BANAHATTI
karnataka,1132,"GOVERNMENT FIRST GRADE COLLEGE, AYANUR GOVERNMENT FIRST GRADE COLLEGE, BASAVAKALYAN.DIST.BIDAR"
karnataka,1133,KARNATAKA
karnataka,1134,JANATHA GOVERNMENT FIRST GRADE COLLEGE
karnataka,1135,GOVERNMENT FIRST GRADE COLLEGE
karnataka,1136,"GOVERNMENT FIRST GRADE COLLEGE, IRAKALGADA"
karnataka,1137,VISHWA CHETHANA DEGREE COLLEGE
karnataka,1138,"GOVERNMENT FIRST GRADE COLLEGE FOR WOMEN, BIDAR NITTE SCHOOL OF FASHION TECHNOLOGY AND INTERIOR DESIGN,"
karnataka,1139,BENGALURU
karnataka,1140,COORG INSTITUTE OF TECHNOLOGY
karnataka,1141,GOVERNMENT FIRST GRADE COLLEGE SIRSI
karnataka,1142,"GOVERNMENT LAW COLLEGE, HOLENARASIPURA"
karnataka,1143,GOVT FIRST GRADE COLLEGE BADAMI SMT. PADMAVATIBAI RAGHAVENDRARAO DESHPANDE PIKALIHAL
karnataka,1144,"GOVERNMENT FIRST GRADE COLLEGE, MUDGAL"
karnataka,1145,KARNATAKA COLLEGE OF PHARMACY
karnataka,1146,GOVERNMENT FIRST GRADE COLLEGE MANAHALLI
karnataka,1147,ST.PHILOMENA'S COLLEGE(AUTONOMOUS)
karnataka,1148,"GOVERNMENT FIRST GRADE COLLEGE FOR WOMEN, KOPPAL"
karnataka,1149,SVMVVS'S SVM ARTS SCIENCE AND COMMERCE COLLEGE
karnataka,1150,S.S.S.SAMITI'S MAHAVEER P. MIRJI COLLEGE OF COMMERCE
karnataka,1151,MIT FIRST GRADE COLLEGE
karnataka,1152,B V BELLAD LAW COLLEGE BELAGAVI
karnataka,1153,V.V.N. DEGREE COLLEGE
karnataka,1154,FOR P.G. STUDIES AND RESEARCH IN LAW
karnataka,1155,DAYANANDA SAGAR COLLEGE OF ARTS SCIENCE AND COMMERCE
karnataka,1156,VIVEKANANDA DEGREE COLLEGE
karnataka,1157,T JOHN COLLEGE
karnataka,1158,"M. S. RAMAIAH COLLEGE OF ARTS, SCIENCE AND COMMERCE"
karnataka,1159,COLLEGE OF FINE ARTS
karnataka,1160,SCHOOL OF SOCIAL WORK
karnataka,1161,ST ALOYSIUS EVENING COLLEGE
karnataka,1162,"NATIONAL COLLEGE,BASAVANAGUDI,BANGALORE"
karnataka,1163,SHREE GOKARNANATHESHWARA COLLEGE JSS BANASHANKARI ARTS COMMERCE AND SK GUBBI SCIENCE COLLEGE
karnataka,1164,VIDYAGIRI DHARWAD
karnataka,1165,B.L.D.E. ASSOCIATION'S NEW ARTS COLLEGE
karnataka,1166,B L D E A'S A. S. PATIL COLLEGE OF COMMERCE
karnataka,1167,"Anjuman-E-Islam's ANJUMAN ARTS,SCIENCE AND COMMERCE COLLEGE SREE SIDDAGANGA COLLEGE OF ARTS SCIENCE AND COMMERCE FOR"
karnataka,1168,"WOMEN GOVERNMENT FIRST GRADE COLLEGE OF ARTS, SCIENCE AND COMMERCE"
karnataka,1169,SIRA
karnataka,1170,"A. V. KANTHAMMA COLLEGE FOR WOMEN, HASSAN"
karnataka,1171,HASANATH COLLEGE FOR WOMEN
karnataka,1172,National Degree College Bagepalli
karnataka,1173,ASWATHAIAH ESTHURI SANJEEVAMMA NATIONAL DEGREE COLLEGE
karnataka,1174,Y.D.D GOVERNMENT FIRST GRADE COLLEGE
karnataka,1175,"GOVERNMENT FIRST GRADE COLLEGE N.V SOCIETY'S N.V. ARTS, SRI KANHYALAL MALU SCIENCE AND DR."
karnataka,1176,PANDURANGRAO PATKI COLLEGE OF COMMERCE GULBARGA
karnataka,1177,ARTS AND COMMERCE
karnataka,1178,B.V.V.SANGHA'S BASAVESHWAR ARTS COLLEGE
karnataka,1179,GOVERNMENT FIRST GRADE COLLEGE
karnataka,1180,ACHARYA PATHASALA COLLEGE OF ARTS AND SCIENCE
karnataka,1181,ACHARYA PATHASALA COLLEGE OF COMMERCE
karnataka,1182,"GOVINDA DASA COLLEGE, SURATHKAL"
karnataka,1183,POORNAPRAJNA COLLEGE
karnataka,1184,FIELD MARSHAL K. M. CARIAPPA COLLEGE
karnataka,1185,GOVERNMENT FIRST GRADE COLLEGE
karnataka,1186,KLE SOCIETY'S S.V.S. BELLUBBI ARTS AND COMMERCE COLLEGE K.L.E.SOCIETY'S SHRI KADASIDDHESHWAR ARTS COLLEGE AND
karnataka,1187,"H.S.KOTAMBRI SCIENCE INSITITUTE,HUBLI V.V.SANGHA'S SHREE KHASGATESH COLLEGE OF ARTS, COMMERCE AND"
karnataka,1188,"SCIENCE, TALIKOTI S. G. V. C. VIDYA PRASARAK TRUST'S MATOSHRI GANGAMMA VEERAPPA"
karnataka,1189,"CHINIWAR ARTS, COMMERCE AND SCIENCE COLLEGE"
karnataka,1190,"M.S.B ARTS AND COMMERCE COLLEGE, DAVANAGERE. KAMALA NEHRU MEMORIAL NATIONAL COLLEGE FOR WOMEN,"
karnataka,1191,SHIVAMOGGA
karnataka,1192,"SRI SIDDHARTHA FIRST GRADE COLLEGE, TUMKUR MARATHA MANDALS ARTS COMMERCE SCIENCE AND HOME SCIENCE"
karnataka,1193,COLLEGE BELGAUM
karnataka,1194,MARATHA MANDAL'S ARTS AND COMMERCE COLLEGE
karnataka,1195,RBANMS FIRST GRADE COLLEGE
karnataka,1196,"SREE SIDDAGANGA COLLEGE OF ARTS, SCIENCE AND COMMERCE"
karnataka,1197,"S. D. V. S. SANGH'S SHRI. L. K. KHOT COLLEGE OF COMMERCE S.D.V.S.SANGH'S S. S. ARTS COLLEGE AND T. P. SCIENCE INSTITUTE,"
karnataka,1198,SANKESHWAR.
karnataka,1199,KODACHADRI GOVT. FIRST GRADE COLLEGE
karnataka,1200,SHARAVATHI FIRST GRADE COLLEGE KONANDUR
karnataka,1201,"GOVERNMENT FIRST GRADE COLLEGE KAMALAPUR LATTHE EDUCATION SOCIETY'S, SMT.KUSUMAVATI MIRAJI ARTS AND"
karnataka,1202,"COMMERCE COLLEGE, BEDKIHAL-SHAMANEWADI"
karnataka,1203,ABBAS KHAN COLLEGE FOR WOMEN
karnataka,1204,ACHARYAPATHASALA EVENING COLLEGE OF ARTS AND COMMERCE
karnataka,1205,GOVT FIRST GRADE COLLEGE HEBRI MANJUNATHA PAI MEMORIAL GOVERNMENT FIRST GRADE COLLEGE OF
karnataka,1206,"PROFESSIONAL AND BUSINESS MANAGEMENT, KARKALA"
karnataka,1207,GOVERNMENT COLLEGE FOR BOYS
karnataka,1208,GOVERNMENT COLLEGE FOR WOMEN
karnataka,1209,"R.T.E. SOCIETY'S ARTS, SCIENCE AND COMMERCE COLLEGE"
karnataka,1210,Byadgi Education Societys Merchants Arts and Commerce College Byadgi
karnataka,1211,"ADARSHA SHIKSHANA SAMITI'S COLLEGE OF COMMERCE, GADAG."
karnataka,1212,"GFGC MUNDGOD BASAVESHWAR VEERASHAIVA VIDYAVARDHAKA SANGHA'S, BASAVESHWAR"
karnataka,1213,"SCIENCE COLLEGE, BAGALKOT"
karnataka,1214,Sri Adichunchanagiri College of Arts and Commerce
karnataka,1215,SRI SHARADA COLLEGE
karnataka,1216,"VIDYAVARDHAKA FIRST GRADE COLLEGE MYSURU S. P. V. V. S. S. G. P. PORWAL ARTS, COMMERCE AND V. V. SALIMATH"
karnataka,1217,SCIENCE COLLEGE Shri Sangameshwar Education Society's Shri Sangameshwar Arts and
karnataka,1218,Commerce College
karnataka,1219,GOVERNMENT FIRST GRADE COLLEGE SHIKARIPURA
karnataka,1220,"Anjuman Arts, Science, Commerce College and P. G. Studies, Dharwad"
karnataka,1221,TARANATH SHIKSHANA SAMSTHE LAXMI VENKATESH DESAI COLLEGE TARANATH SHIKSHANA SAMSTH'S SOMA SUBHADRAMMA RAMANAGOUD
karnataka,1222,WOMEN'S COLLEGE
karnataka,1223,"GOVERNMENT FIRST GRADE COLLEGE,KOPPA SHRI VIJAY MAHANTESH ARTS AND COMMERCE COLLEGE FOR WOMEN"
karnataka,1224,ILKAL DAKSHIN MAHARASHTRA SHIKSHAN MANDAL'S BHAURAO KAKATKAR
karnataka,1225,"COLLEGE (ARTS, SCIENCE AND COMMERCE)"
karnataka,1226,COMMERCE COLLEGE C S TUBACHI EDUCATION SOCIETYS S S N ARTS AND COMMERCE COLLEGE
karnataka,1227,HUKKERI
karnataka,1228,SMT. INDIRA GANDHI GOVERNMENT FIRST GRADE WOMEN'S COLLEGE
karnataka,1229,GOVERNMENT FIRST GRADE COLLEGE
karnataka,1230,GOVERNMENT FIRST GRADE COLLEGE
karnataka,1231,"M.P.E.SOCIETY'S S.D.M COLLEGE OF ARTS, SCIENCE AND COMMERCE"
karnataka,1232,"GRAMANTAR VIDYA VARDHAK SANGH'S SHRI SHANTAVEER ARTS COLLEGE SECAB ASSOCIATION'S A R S INAMDAR ARTS, SCIENCE AND COMMERCE"
karnataka,1233,COLLEGE FOR WOMEN VIJAYAPURA
karnataka,1234,GOVERNMENT FIRST GRADE COLLEGE
karnataka,1235,GOVERNMENT COLLEGE FOR WOMEN
karnataka,1236,JSS LAW COLLEGE
karnataka,1237,BHS HIGHER EDUCATION SOCIETY VIJAYA COLLEGE SHRI VEER PULIKESHI VIDYA VARDHAK SAMSTHA'S SRI SIDRAMAPPA
karnataka,1238,"BASAPPA MAMADAPUR ARTS, COMMERCE AND SCIENCE COLLEGE, BADAMI"
karnataka,1239,B M SHETTY GOVERNMENT FIRST GRADE COLLEGE
karnataka,1240,GOVERNAMENT FIRST GRADE COLLEGE
karnataka,1241,BAPUJI EDUCATIONAL ASSOCIATION (REGD.) R. L. LAW COLLEGE
karnataka,1242,SRI SRI SHIVALINGESHWARASWAMY GOVERNMENT FIRST GRADE COLLEGE
karnataka,1243,GOVERNMENT FIRST GRADE COLLEGE
karnataka,1244,"GOVERNMENT FIRST GRADE COLLEGE, HOLENARASIPURA"
karnataka,1245,LAL BAHADUR SHASTRI GOVERNMENT FIRST GRADE COLLEGE
karnataka,1246,GOVERNMENT FIRST GRADE COLLEGE HALEYANGADY
karnataka,1247,UNIVERSITY COLLEGE MANGALORE
karnataka,1248,"MAHANTSWAMY ARTS, SCIENCE AND COMMERCE DEGREE COLLEGE"
karnataka,1249,"MAHARANI LAKSHMI AMMANNI COLLEGE FOR WOMEN, AUTONOMOUS"
karnataka,1250,VANI SAKKARE GOVERNMENT FIRST GRADE COLLEGE
karnataka,1251,NEHRU MEMORIAL COLLEGE S.J.A.V SAMITI'S K.R. BELLAD ARTS AND COMMERCE COLLEGE AND PG
karnataka,1252,STUDIES IN ECONOMICS
karnataka,1253,"D. S. B. G. GOVERNMENT FIRST GRADE COLLEGE S. G. V. V. T'S SHRI GAVISIDDHESHWAR ARTS, SCIENCE AND COMMERCE"
karnataka,1254,COLLEGE
karnataka,1255,GANGAVATHI BHAGYAMMA RURAL DEGREE COLLEGE
karnataka,1256,SHIVAJI EDUCATION SOCIETY'S SHIVAJI ARTS AND COMMERCE COLLEGE
karnataka,1257,GOVERNMENT FIRST GRADE COLLEGE
karnataka,1258,"JSS COLLEGE OF ARTS AND COMMERCE, GUNDLUPET SMT. LALITADEVI GURUSIDDAPPA SINDHUR GOVERNMENT FIRST GRADE"
karnataka,1259,"COLLEGE, SAVANUR"
karnataka,1260,GOVERNMENT FIRST GRADE COLLEGE JANATA SHIKSHAN SANGHA'S SHREE TAMMANNAPPA CHIKODI ARTS AND
karnataka,1261,"COMMERCE COLLEGE BANHATTI KLE Society's Shri Channagirishwar Prasadik Arts, Science and D. D. Shirol"
karnataka,1262,Commerce College
karnataka,1263,ANJUMAN ARTS AND COMMERCE COLLEGE
karnataka,1264,DR. A.V. BALIGA COLLEGE OF COMMERCE
karnataka,1265,VISVESWARAPURA COLLEGE OF SCIENCE
karnataka,1266,GOVERNMENT DEGREE COLLEGE
karnataka,1267,GOVERNMENT FIRST GRADE COLLEGE
karnataka,1268,SRI ADICHUNCHANAGIRI FIRST GRADE COLLEGE VALABALLARY CHANNABASAVESHWAR EDUCATION SOCIETY'S ARTS AND
karnataka,1269,COMMERCE COLLEGE
karnataka,1270,S. J. M. V. B. A. J. S. S. ARTS AND COMMERCE COLLEGE FOR WOMEN
karnataka,1271,SRI JAGADGURU CHANDRASHEKHARA BHARATHI MEMORIAL COLLEGE
karnataka,1272,TUNGA MAHAVIDYALAYA
karnataka,1273,G.V.P.P.GOVERNMENT FIRST GRADE COLLEGE
karnataka,1274,S. A. V. T. GOVERNMENT FIRST GRADE COLLEGE
karnataka,1275,GFGC MULBAGAL
karnataka,1276,GOVERNMENT FIRST GRADE COLLEGE
karnataka,1277,"SMAT'S SHIVANAND COLLEGE, KAGWAD"
karnataka,1278,BAPUJI GRAMEEN VIKAS SAMITI'S ARTS AND COMMERCE COLLEGE
karnataka,1279,VISVESWARAPURA COLLEGE OF ARTS AND COMMERCE
karnataka,1280,VISVESWARAPURA EVENING COLLEGE OF ARTS AND COMMERCE
karnataka,1281,GOVT DEGREE COLLEGE YADGIR
karnataka,1282,GOVERNMENT FIRST GRADE COLLEGE SHAHAPUR
karnataka,1283,GOVERNMENT FIRST GRADE COLLEGE
karnataka,1284,GOVERNMENT FIRST GRADE COLLEGE NESARGI
karnataka,1285,BES EVENING COLLEGE OF ARTS AND COMMERCE
karnataka,1286,SRI. REVANASIDDAPPA KANTA GOVERNMENT FIRST GRADE COLLEGE
karnataka,1287,GOVERNMENT FIRST GRADE COLLEGE
karnataka,1288,GOVERNMENT FIRST GRADE COLLEGE VITTAL S.H.A.S.SAMITI'S SMT. K.S.JIGALUR ARTS AND DR.(SMT.) S.M.SHESHGIRI
karnataka,1289,"COMMERCE COLLEGE FOR WOMEN, DHARWAD SRI KOTTALA BASAVESHWARA BHARATIYA SHIKSHANA SAMITI'S"
karnataka,1290,NRUPATUNGA ARTS AND COMMERCE COLLEGE
karnataka,1291,GOVERNMENT FIRST GRADE COLLEGE
karnataka,1292,K. L. E. SOCIETY'S GURUSIDDAPPA KOTAMBRI LAW COLLEGE
karnataka,1293,JSS SAKRI LAW COLLEGE
karnataka,1294,GOVERNMENT FIRST GRADE COLLEGE
karnataka,1295,GOVERNMENT FIRST GRADE COLLEGE KRISHNARAJAPET
karnataka,1296,GOVERNMENT FIRST GRADE COLLEGE KUSHALNAGAR
karnataka,1297,SRI KUVEMPU MAHAVIDYALAYA FIRST GRADE COLLEGE
karnataka,1298,GOVERNMENT FIRST GRADE COLLEGE
karnataka,1299,"BISHOP COTTON WOMEN'S CHRISTIAN COLLEGE MAHATMA GANDHI CENTENARY ARTS, COMMERCE AND GANESH HEGDE"
karnataka,1300,DODMANE SCIENCE COLLEGE
karnataka,1301,GOVERNMENT FIRST GRADE COLLEGE AND CENTRE FOR PG STUDIES
karnataka,1302,SRI DURGAPARAMESHWARI TEMPLE FIRST GRADE COLLEGE
karnataka,1303,"GOVERNMENT FIRST GRADE COLLEGE, KORATAGERE"
karnataka,1304,BMS GOVERNMENT FIRST GRADE COLLEGE
karnataka,1305,GOVERNMENT FIRST GRADE COLLEGE
karnataka,1306,RUDRAGOUDA PATIL GOVERNMENT FIRST GRADE COLLEGE
karnataka,1307,BASUDEV SOMANI COLLEGE
karnataka,1308,"GOVERNMENT FIRST GRADE COLLEGE, DODDABALLAPURA"
karnataka,1309,GOVERNMENT FIRST GRADE COLLEGE
karnataka,1310,"DR.S.GOPALARAJU GOVERNMENT FIRST GRADE COLLEGE,ANEKAL"
karnataka,1311,"C.S.I., K.N.D., B.M.H.E.C'S C.S.I. COLLEGE OF COMMERCE, DHARWAD. SHRI. RAMBHAPURI JAGADGURU VEERAAGANGADHAR ARTS AND"
karnataka,1312,"COMMERCE COLLEGE, SHIGGAON, KARNATAKA BLDE ASSOCIATION'S BASAVESHWARA ARTS AND COMMERCE COLLEGE"
karnataka,1313,"BASAVAN BAGEWADI DIST. VIJAYAPUR, KARNATAKA."
karnataka,1314,SRI. D. DEVARAJA URS GOVERNMENT FIRST GRADE COLLEGE
karnataka,1315,"JSS COLLEGE OF ARTS, COMMERCE SCIENCE"
karnataka,1316,GOVERNMENT FIRST GRADE COLLEGE
karnataka,1317,"BASHUMIYAN SAHUKAR GOVERNMENT FIRST GRADE COLLEGE, MANVI SMT. RUKMINI SHEDTHI MEMORIAL NATIONAL GOVERNMENT FIRST GRADE"
karnataka,1318,COLLEGE
karnataka,1319,"SRI POORNAPRAJNA EVENING COLLEGE, UDUPI"
karnataka,1320,"JSS COLLEGE FOR WOMEN B.R.TAMBAKAD ARTS, COMMERCE AND SCIENCE FIRST GRADE COLLEGE"
karnataka,1321,HIREKERUR
karnataka,1322,GOVERNMENT FIRST GRADE COLLEGE
karnataka,1323,GOVERNMENT FIRST GRADE COLLEGE NARASIMHARAJAPURA SHREE VRUSHABHENDRA EDUCATION SOCIETY'S ARTS & COMMERCE
karnataka,1324,COLLEGE SMT NEELAMMA KUDUR K A SATYANARRAYANA SHETTY GOVERNMENT
karnataka,1325,FIRST GRADE COLLEGE KUDUR
karnataka,1326,BRINDAVAN COLLEGE
karnataka,1327,GOVERNMENT FIRST GRADE COLLEGE
karnataka,1328,SRI JAGADGURU MURUGHARAJENDRA ARTS COLLEGE FOR WOMEN
karnataka,1329,GOVERNMENT FIRST GRADE COLLEGE MOLAKALMURU
karnataka,1330,SMT. GIRIYAMMA R. KANTHAPPA SHRESTI FIRST GRADE WOMEN'S COLLEGE
karnataka,1331,BESANT EVENING COLLEGE
karnataka,1332,HASANATH COLLEGE
karnataka,1333,SRI SAI COLLEGE FOR WOMEN
karnataka,1334,DVS EVENING COLLEGE SHIMOGA
karnataka,1335,GOVERNMENT COLLEGE FOR WOMEN
karnataka,1336,GOVERNMENT FIRST GRADE COLLEGE HOLEHONNUR
karnataka,1337,GOVERNMENT FIRST GRADE COLLEGE.BANNUR.
karnataka,1338,GOVERNMENT FIRST GRADE COLLEGE
karnataka,1339,RAJARAJESWARI DENTAL COLLEGE AND HOSPITAL
karnataka,1340,D A PANDU MEMORIAL R.V.DENTAL COLLEGE
karnataka,1341,BANGALORE CITY COLLEGE
karnataka,1342,INDIAN ACADEMY DEGREE COLLEGE
karnataka,1343,KRISTU JAYANTI COLLEGE
karnataka,1344,GOVERNMENT FIRST GRADE COLLEGE ALNAVAR
karnataka,1345,Acharya Institute of Management and Sciences (AIMS)
karnataka,1346,"INSTITUTE OF AEROSPACE MEDICINE, INDIAN AIR FORCE"
karnataka,1347,SESHADRIPURAM FIRST GRADE COLLEGE
karnataka,1348,GOVERNMENT FIRST GRADE COLLEGE
karnataka,1349,THE OXFORD COLLEGE OF BUSINESS MANAGEMENT
karnataka,1350,GOVERNMENT FIRST GRADE COLLEGE BANGARPET
karnataka,1351,SHARNBASVESHWAR COLLEGE OF SCIENCE
karnataka,1352,MOUNT CARMEL COLLEGE (AUTONOMOUS)
karnataka,1353,GODUTAI DODDAPPA APPA ARTS AND COMMERCE COLLEGE FOR WOMEN
karnataka,1354,GOVT FIRST GRADE COLLEGE UPPINANGADY
karnataka,1355,MLA ACADEMY OF HIGHER LEARNING
karnataka,1356,R V INSTITUTE OF MANAGEMENT
karnataka,1357,GOVERNMENT FIRST GRADE COLLEGE
karnataka,1358,NITTE MEENAKSHI INSTITUTE OF TECHNOLOGY (AUTONOMOUS)
karnataka,1359,GOVERNMENT FIRST GRADE COLLEGE
karnataka,1360,ARMY INSTITUTE OF FASHION AND DESIGN
karnataka,1361,GOVT FIRST GRADE COLLEGE SADALAGA
karnataka,1362,"GOVERNMENT FIRST GRADE COLLEGE, SULIBELE"
karnataka,1363,ARMY INSTITUTE OF HOTEL MANAGMENT AND CATERING TECHNOLOGY
karnataka,1364,SRI BASAVESHWARA GOVERNMENT FIRST GRADE COLLEGE
karnataka,1365,GOVERNMENT FIRST GRADE COLLEGE FOR WOMEN
karnataka,1366,SILICON CITY COLLEGE
karnataka,1367,ALL INDIA INSTITUTE OF SPEECH AND HEARING
karnataka,1368,GOVT. FIRST GRADE COLLEGE TIPTUR
karnataka,1369,Government Home Science College for Women
karnataka,1370,FATHER MULLER COLLEGE OF NURSING
karnataka,1371,SOUNDARYA INSTITUTE OF MANAGEMENT AND SCIENCE
karnataka,1372,"GOVT FIRST GRADE COLLEGE, BANTWAL"
karnataka,1373,GOVERNMENT FIRST GRADE COLLEGE
karnataka,1374,SRI H D DEVEGOWDA GOVERNMENT FIRST GRADE COLLEGE
karnataka,1375,"GOVERNMENT FIRST GRADE COLLEGE FOR WOMEN, DAVANAGERE"
karnataka,1376,GOVERNMENT FIRST GRADE COLLEGE HSR LAYOUT
karnataka,1377,GOVERNMENT FIRST GRADE COLLEGE
karnataka,1378,ST FRANCIS DE SALES COLLEGE
karnataka,1379,M. S. RAMAIAH INSTITUTE OF TECHNOLOGY (AUTONOMOUS)
karnataka,1380,"GOVERNMENT FIRST GRADE COLLEGE FOR WOMEN, RAMANAGARA"
karnataka,1381,GOVERNMENT FIRST GRADE COLLEGE
karnataka,1382,NAVODAYA DENTAL COLLEGE
karnataka,1383,GOVERNMENT FIRST GRADE COLLEGE
karnataka,1384,GOVERNMENT FIRST GRADE COLLEGE MARIAMMANAHALLI
karnataka,1385,C. G. BELLAD GOVT FIRST GRADE COLLEGE
karnataka,1386,"BALLARI INSTITUTE OF TECHNOLOGY AND MANAGEMENT, BALLARI"
karnataka,1387,"GOVERNMENT FIRST GRADE COLLEGE, HEBBUR"
karnataka,1388,GOVERNMENT FIRST GRADE COLLEGE KALASA
karnataka,1389,GOVERNMENT FIRST GRADE COLLEGE
karnataka,1390,"COLLEGE CAR STREET, MANGALORE"
karnataka,1391,GOVERNMENT FIRST GRADE COLLEGE FOR WOMEN
karnataka,1392,GOVERNMENT FIRST GRADE COLLEGE
karnataka,1393,SRI KRISHNA DEGREE COLLEGE
karnataka,1394,"GOVT.FIRST GRADE COLLEGE FOR WOMEN, JAMKAHNDI"
karnataka,1395,K.L.E SOCIETY'S INSTITUTE OF DENTAL SCIENCES
karnataka,1396,GOVERNMENT FIRST GRADE COLLEGE PANDVAPURA
karnataka,1397,"GOVERNMENT FIRST GRADE COLLEGE, AFZALPUR"
karnataka,1398,"GOVERNMENT FIRST GRADE COLLEGE, HOLALKERE"
karnataka,1399,M. S. ENGINEERING COLLEGE
karnataka,1400,GOVERNMENT FIRST GRADE COLLEGE RIPPONPET
karnataka,1401,"GOVT. WOMEN'S FIRST GRADE COLLEGE, JEWARGI COLONY, KALABURAGI"
karnataka,1402,K. L. S. GOGTE INSTITUTE OF TECHNOLOGY (AUTONOMOUS) SHRI JAGADGURU FAKKIRESHWAR GOVERNMENT FIRST GRADE COLLEGE
karnataka,1403,SHIRAHATTI
karnataka,1404,GOVERNMENT FIRST GRADE COLLEGE GUNDLUPET
karnataka,1405,GOVERNMENT FIRST GRADE COLLEGE NAGAMANGALA
karnataka,1406,VAIKUNTA BALIGA COLLEGE OF LAW. UDUPI
karnataka,1407,GOVERNMENT FIRST GRADE COLLEGE HARAPANAHALLI
karnataka,1408,RAJARAJESWARI COLLEGE OF ENGINEERING
karnataka,1409,NEW HORIZON COLLEGE OF ENGINEERING
karnataka,1410,GFGC GUDAGERI
karnataka,1411,GOVERNMENT FIRST GRADE COLLEGE
karnataka,1412,DAYANANDA SAGAR COLLEGE OF ENGINEERING
karnataka,1413,"GOVERNMENT FIRST GRADE COLLEGE, GAURIBIDANUR"
karnataka,1414,GOVERNMENT FIRST GRADE COLLEGE ANKOLA
karnataka,1415,SRI K H PATIL GOVERNMENT FIRST GRADE COLLEGE HULKOTI
karnataka,1416,"GOVERNMENT FIRST GRADE COLLEGE, BILIKERE"
karnataka,1417,SHRI R.N. DESHPANDE GOVERNMENT FIRST GRADE COLLEGE MULGUND
karnataka,1418,GOVERNMENT FIRST GRADE COLLEGE
karnataka,1419,GOVERNMENT FIRST GRADE COLLEGE VIRAJPET KODAGU
karnataka,1420,SPSGS GOVERNMENT FIRST GRADE COLLEGE KANAKAGIRI
karnataka,1421,"GOVERNMENT FIRST GRADE COLLEGE, RANEBENNUR, DIST HAVERI"
karnataka,1422,"GOVT. FIRST GRADE COLLEGE, HALEBEEDU"
karnataka,1423,SHRI K. M. MAMANI GOVERNMENT FIRST GRADE COLLEGE
karnataka,1424,"GOVERNMENT FIRST GRADE COLLEGE, MUDHOL, BAGALKOTE DISTRICT."
karnataka,1425,"GOVERNMENT FIRST GRADE COLLEGE, HANGAL"
karnataka,1426,GOVERNMENT FIRST GRADE COLLEGE UDAYAPURA
karnataka,1427,"GOVERNMENT FIRST GRADE COLLEGE, PERIYAPATNA"
karnataka,1428,GOVERNMENT FIRST GRADE COLLEGE KAMPLI
karnataka,1429,"GOVERNMENT FIRST GRADE COLLEGE, AINAPUR"
karnataka,1430,GOVERNMENT FIRST GRADE COLLEGE YELBURGA
karnataka,1431,"GOVERNMENT FIRST GRADE COLLEGE, BIDADI"
karnataka,1432,"GOVERNMENT FIRST GRADE COLLEGE Smt. Somavva Channabasappa Angadi Government First Grade College ,"
karnataka,1433,K.K.Koppa
karnataka,1434,SRI HONNADEVI GOVERNMENT FIRST GRADE COLLEGE
karnataka,1435,"GOVERNMENT FIRST GRADE COLLEGE, KITTUR"
karnataka,1436,GOVERNMENT FIRST GRADE COLLEGE HULSOOR
karnataka,1437,GOVERNMENT FIRST GRADE COLLEGE
karnataka,1438,"GOVERNMENT FIRST GRADE COLLEGE, BANGARU TIRUPATHI Shri Sha Bra Siddhalinga Shivacharya Mahaswamigalu Panchagraha"
karnataka,1439,Hiremath Government First Grade College Kundagol
karnataka,1440,GOVERNMENT FIRST GRADE COLLEGE
karnataka,1441,GOVERNMENT WOMENS COLLEGE
karnataka,1442,GOVERNMENT FIRST GRADE COLLEGE
karnataka,1443,GOVERNMENT FIRST GRADE COLLEGE SULLIA
karnataka,1444,GOVERNMENT FIRST GRADE COLLEGE
karnataka,1445,"GOVERNMENT FIRST GRADE COLLEGE, KHANAPUR"
karnataka,1446,GOVERNMENT FIRST GRADE COLLEGE HUNGUND BAGALKOTE DIST
karnataka,1447,GOVERNMENT FIRST GRADE COLLEGE FOR WOMEN
karnataka,1448,SRI SRIPADBODH SWAMIJI GOVERNMENT FIRST GRADE COLLEGE
karnataka,1449,"GOVERNMENT FIRST GRADE COLLEGE, KUMTA"
karnataka,1450,GOVERNMENT FIRST GRADE COLLEGE SMT.RUDRAMBA M.P.PRAKASH GOVERNMENT FIRST GRADE
karnataka,1451,COLLEGE.HUVINAHADAGALI
karnataka,1452,GOVERNMENT FIRST GRADE COLLEGE
karnataka,1453,"GOVT.FIRST GRADE COLLEGE, SALIGRAMA, K R NAGARA (T), MYSORE (DIST.)"
karnataka,1454,CMR INSTITUTE OF TECHNOLOGY
karnataka,1455,GOVERNMENT FIRST GRADE COLLEGE
karnataka,1456,GOVERNMENT FIRST GRADE COLLEGE SANDUR
karnataka,1457,SMT. I. S. YADAWAD GOVERNMENT FIRST GRADE COLLEGE RAMDURG
karnataka,1458,GOVERNMENT FIRST GRADE COLLEGE
karnataka,1459,A. C. S. COLLEGE OF ENGINEERING
karnataka,1460,GOVERNMENT FIRST GRADE COLLEGE
karnataka,1461,"GFGC, HIRIADKA"
karnataka,1462,GOVERNMENT FIRST GRADE COLLEGE GANDASI
karnataka,1463,GOVERNMENT FIRST GRADE COLLEGE FOR WOMEN LAKSHMI SOMA BANGERA GOVERMENT FIRST GRADE COLLEGE KOTA
karnataka,1464,PADUKERE
karnataka,1465,GOVERNMENT FIRST GRADE COLLEGE MANKI
karnataka,1466,GOVERNMENT FIRST GRADE COLLEGE
karnataka,1467,NAGARJUNA COLLEGE OF ENGINEERING AND TECHNOLOGY
karnataka,1468,BET SADATHUNNISA COLLEGE
karnataka,1469,GOVERNMENT FIRST GRADE COLLEGE
karnataka,1470,"GOVERNMENT FIRST GRADE COLLEGE, NELAMANGALA"
karnataka,1471,GOVERNMENT FIRST GRADE COLLEGE
karnataka,1472,CAMBRIDGE INSTITUTE OF TECHNOLOGY
karnataka,1473,GOVERNMENT FIRST GRADE COLLEGE YELAHANKA BENGALURU
karnataka,1474,GOVERNMENT FIRST GRADE COLLEGE CHIKKANYAKANAHALLI
karnataka,1475,GOVERNMENT FIRST GRADE COLLEGE GADAG
karnataka,1476,RNS INSTITUTE OF TECHNOLOGY
karnataka,1477,S J C INSTITUTE OF TECHNOLOGY
karnataka,1478,ACHARYA INSTITUTE OF TECHNOLOGY
karnataka,1479,THE OXFORD DENTAL COLLEGE
karnataka,1480,A.J. INSTITUTE OF MANAGEMENT DR.G.SHANKAR GOVERNMENT WOMEN'S FIRST GRADE COLLEGE AND P.G.
karnataka,1481,"STUDY CENTRE, AJJARKADU, UDUPI"
karnataka,1482,"GOVERNMENT FIRST GRADE WOMEN'S COLLEGE, BAILHONGAL"
karnataka,1483,ALVA'S COLLEGE
karnataka,1484,THE OXFORD COLLEGE OF PHARMACY
karnataka,1485,B.M.S.COLLEGE OF ENGINEERING
karnataka,1486,MANEL SRINIVAS NAYAK MEMORIAL BESANT INSTITUTE OF PG STUDIES
karnataka,1487,DR. K. SHIVARAMA KARANTHA GOVERNMENT FIRST GRADE COLLEGE
karnataka,1488,RPA FIRST GRADE COLLEGE
karnataka,1489,VEDAVATHI GOVERNMENT FIRST GRADE COLLEGE
karnataka,1490,"GOVERNMENT FIRST GRADE COLLEGE, NYAMATHI GOVERNMENT FIRST GRADE COLLEGE, OLD TOWN, SHIVAJI CIRCLE,"
karnataka,1491,"HOSAMANE, BHADRAVATI"
karnataka,1492,FATHER MULLER MEDICAL COLLEGE
karnataka,1493,SRI BHAGAWAN MAHAVEER JAIN FIRST GRADE COLLEGE
karnataka,1494,VET FIRST GRADE COLLEGE
karnataka,1495,R. J. S. FIRST GRADE COLLEGE
karnataka,1496,SINDHI COLLEGE
karnataka,1497,SURANA COLLEGE
karnataka,1498,ST. CLARET COLLEGE
karnataka,1499,ST. ANNE'S FIRST GRADE COLLEGE FOR WOMEN
karnataka,1500,M.N. DEGREE COLLEGE
karnataka,1501,GOVERNMENT FIRST GRADE COLLEGE SHIRALAKOPPA
karnataka,1502,"GOVERNMENT FIRST GRADE COLLEGE, HARIHARA"
karnataka,1503,ST.ANNE'S DEGREE COLLEGE FOR WOMEN
karnataka,1504,"GOVERNMENT FIRST GRADE COLLEGE, SAKLESHPUR"
karnataka,1505,"GOVERNMENT FIRST GRADE COLLEGE, CHANNARAYAPATNA"
karnataka,1506,ST. ANN'S COLLEGE OF EDUCATION(AUTONOMOUS)
karnataka,1507,KLE SOCIETY'S COLLEGE OF EDUCATION VIDYANAGAR HUBBALLI
karnataka,1508,"S.R.KANTHI COLLEGE OF EDUCATION, ILKAL"
karnataka,1509,ST.JOSEPH'S COLLEGE OF EDUCATION
karnataka,1510,GOVERNMENT FIRST GRADE ARTS AND COMMERCE COLLEGE BANKAPUR
karnataka,1511,ST.TERESA'S COLLEGE
karnataka,1512,ST. XAVIER'S COLLEGE FOR WOMEN
karnataka,1513,NIRMALA COLLEGE
karnataka,1514,NIRMALA COLLEGE
karnataka,1515,BISHOP KURIALACHERRY COLLEGE FOR WOMEN
karnataka,1516,ALPHONSA COLLEGE
karnataka,1517,ASSUMPTION COLLEGE
karnataka,1518,MAHARAJA'S COLLEGE
karnataka,1519,ST. ALOYSIUS COLLEGE
karnataka,1520,KURIAKOSE ELIAS COLLEGE
karnataka,1521,RAJAGIRI COLLEGE OF SOCIAL SCIENCES
karnataka,1522,AL SHIFA COLLEGE OF PHARMACY
karnataka,1523,ROUZATHUL ULOOM ARABIC COLLEGE
karnataka,1524,BASELIUS COLLEGE
karnataka,1525,ST. THOMAS COLLEGE
karnataka,1526,SACRED HEART COLLEGE
karnataka,1527,BISHOP CHULAPARAMBIL MEMORIAL COLLEGE
karnataka,1528,"ST. JOSEPH'S COLLEGE (AUTONOMOUS), IRINJALAKUDA"
karnataka,1529,SRI VELLAPPALLY NATESAN COLLEGE OF ENGINEERING
karnataka,1530,SREE SANKARA COLLEGE
karnataka,1531,FATIMA MATA NATIONAL COLLEGE
karnataka,1532,FATIMA MATA NATIONAL COLLEGE
karnataka,1533,VIMALA COLLEGE
karnataka,1534,GOVERNMENT VICTORIA COLLEGE
karnataka,1535,LITTLE FLOWER COLLEGE
karnataka,1536,LOYOLA COLLEGE OF SOCIAL SCIENCES
karnataka,1537,ALL SAINTS' COLLEGE
karnataka,1538,MORNING STAR HOME SCIENCE COLLEGE
kerala,1539,VIMAL JYOTHI ENGINEERING COLLEGE
kerala,1540,MEA ENGINEERING COLLEGE
kerala,1541,EKNM GOVERNMENT COLLEGE ELERITHATTU
kerala,1542,MAR BASELIOS CHRISTIAN COLLEGE OF ENGINEERING AND TECHNOLOGY
kerala,1543,MANNANIYA COLLEGE OF ARTS AND SCIENCE
kerala,1544,SREE NARAYANA COLLEGE FOR WOMEN
kerala,1545,UNIVERSITY COLLEGE
kerala,1546,DEVASWOM BOARD PAMPA COLLEGE
kerala,1547,ANNOOR DENTAL COLLEGE AND HOSPITAL
kerala,1548,ST. THOMAS COLLEGE OF ENGINEERING AND TECHNOLOGY
kerala,1549,YUVAKSHETRA INSTITUTE OF MANAGEMENT STUDIES
kerala,1550,AMAL COLLEGE OF ADVANCED STUDIES
kerala,1551,R SANKAR MEMORIAL SNDP YOGAM ARTS AND SCIENCE COLLEGE NAIPUNNYA INSTITUTE OF MANAGEMENT AND INFORMATION
kerala,1552,TECHNOLOGY
kerala,1553,MUSALIAR COLLEGE OF ENGINEERING AND TECHNOLOGY
kerala,1554,VTM NSS COLLEGE
kerala,1555,SREE VIDYADHI RAJA NSS COLLEGE
kerala,1556,YOUNUS COLLEGE OF ENGINEERING AND TECHNOLOGY
kerala,1557,"CHRIST COLLEGE (AUTONOMOUS), IRINJALAKUDA"
kerala,1558,"BHARATA MATA COLLEGE, THRIKKAKARA"
kerala,1559,"ST.STEPHEN'S COLLEGE, UZHAVOOR"
kerala,1560,"ANSAR WOMEN'S COLLEGE, PERUMPILAVU"
kerala,1561,MAR BASELIOS INSTITUTE OF TECHNOLOGY AND SCIENCE
kerala,1562,KMCT DENTAL COLLEGE
kerala,1563,SREEPATHY INSTITUTE OF MANAGEMENT AND TECHNOLOGY
kerala,1564,MALABAR DENTAL COLLEGE AND RESEARCH CENTRE
kerala,1565,THE COCHIN COLLEGE
kerala,1566,BASELIOS MATHEWS II COLLEGE OF ENGINEERING
kerala,1567,KMEA ENGINEERING COLLEGE
kerala,1568,MES COLLEGE OF ENGINEERING
kerala,1569,THIRUVANANTHAPURAM
kerala,1570,SAFI INSTITUTE OF ADVANCED STUDY(SIAS)
kerala,1571,ROYAL COLLEGE OF ENGINEERING AND TECHNOLOGY
kerala,1572,ARAFA INSTITUTE FOR TEACHER EDUCATION
kerala,1573,LOURDES MATHA COLLEGE OF SCIENCE AND TECHNOLOGY
kerala,1574,SACRED HEART COLLEGE
kerala,1575,"SULLAMUSSALAM ARABIC COLLEGE, AREEKODE"
kerala,1576,"DON BOSCO COLLEGE, MANNUTHY"
kerala,1577,"HENRY BAKER COLLEGE, MELUKAVU"
kerala,1578,"KTM COLLEGE OF ADVANCED STUDIES, KARUVARAKUNDU"
kerala,1579,PROVIDENCE COLLEGE OF ENGINEERING
kerala,1580,ST JAMES COLLEGE OF PHARMACEUTICAL SCIENCES
kerala,1581,VIMAL JYOTHI INSTITUTE OF MANAGEMENT AND RESEARCH
kerala,1582,GOVERNMENT ARTS AND SCIENCE COLLEGE KONDOTTY
kerala,1583,NAIPUNNYA BUSINESS SCHOOL
kerala,1584,ST. THOMAS' COLLEGE (AUTONOMOUS)
kerala,1585,M E S KALLADI COLLEGE
kerala,1586,"DON BOSCO ARTS AND SCIENCE COLLEGE, ANGADIKADAVU"
kerala,1587,"MADEENATHUL ULOOM ARABIC COLLEGE,PULIKKAL"
kerala,1588,"DARUL ULOOM ARABIC COLLEGE, VAZHAKKAD"
kerala,1589,ERANAD KNOWLEDGE CITY TECHNICAL CAMPUS
kerala,1590,VIDYA ACADEMY OF SCIENCE AND TECHNOLOGY TECHNICAL CAMPUS
kerala,1591,AHALIA SCHOOL OF ENGINEERING AND TECHNOLOGY
kerala,1592,VISWAJYOTHI COLLEGE OF ENGINEERING AND TECHNOLOGY
kerala,1593,MAR THOMA COLLEGE OF SCIENCE AND TECHNOLOGY
kerala,1594,ANSAR ARABIC COLLEGE VALAVANNUR
kerala,1595,JPM ARTS AND SCIENCE COLLEGE
kerala,1596,MOTHER THERESA COLLEGE
kerala,1597,"JUBILEE MISSION COLLEGE OF NURSING, THRISSUR"
kerala,1598,"MALABAR COLLEGE OF ADVANCED STUDIES, VENGARA"
kerala,1599,AMC GROUP OF EDUCATIONAL INSTITUTIONS
kerala,1600,GURUDEV ARTS AND SCIENCE COLLEGE
kerala,1601,"MAR IVANIOS COLLEGE OF ARTS AND SCIENCE BHARATHAMATHA COLLEGE OF ARTS AND SCIENCE, KOZHINJAMPARA,"
kerala,1602,PALAKKAD
kerala,1603,MAR GREGORIOS COLLEGE OF LAW
kerala,1604,AMALA COLLEGE OF NURSING
kerala,1605,MAJLIS ARTS AND SCIENCE COLLEGE
kerala,1606,MOUNT ZION COLLEGE OF ENGINEERING-KADAMMANITTA
kerala,1607,ALPHONSA COLLEGE THIRUVAMBADY
kerala,1608,NAVAJYOTHI COLLEGE
kerala,1609,ANVARUL ISLAM WOMEN'S ARABIC COLLEGE MONGAM
kerala,1610,"ANVARUL ISLAM ARABIC COLLEGE, KUNIYIL"
kerala,1611,HOLY FAMILY COLLEGE OF EDUCATION FOR WOMEN
kerala,1612,UNIVERSAL ENGINEERING COLLEGE
kerala,1613,BHARATHEEYA VIDYA NIKETHAN COLLEGE OF TEACHER EDUCATION
kerala,1614,SAHRDAYA COLLEGE OF ADVANCED STUDIES
kerala,1615,"MAR ATHANASIUS COLLEGE OF ENGINEERING, KOTHAMANGALAM"
kerala,1616,DE PAUL INSTITUTE OF SCIENCE AND TECHNOLOGY
kerala,1617,JAWAHARLAL COLLEGE OF ENGINEERING AND TECHNOLOGY
kerala,1618,"ST.JAMES COLLEGE OF NURSING, CHALAKUDY"
kerala,1619,"SREE NARAYANA COLLEGE,SIVAGIRI,VARKALA"
kerala,1620,MAHATMA GANDHI COLLEGE
kerala,1621,"YELDO MAR BASELIOS COLLEGE, SOPHIA PARK, KOTHAMANGALAM"
kerala,1622,CHRIST COLLEGE
kerala,1623,"SREE NARAYANA COLLEGE,CHEMPAZHANTHY"
kerala,1624,THANGAL KUNJU MUSALIAR COLLEGE OF ARTS AND SCIENCE
kerala,1625,THANGAL KUNJU MUSALIAR COLLEGE OF ARTS AND SCIENCE
kerala,1626,T. K. MADHAVA MEMORIAL COLLEGE
kerala,1627,"ST. XAVIER'S COLLEGE, THUMBA"
kerala,1628,ST. JOSEPH'S COLLEGE FOR WOMEN
kerala,1629,ST. PAUL'S COLLEGE
kerala,1630,"ST.STEPHEN'S COLLEGE, PATHANAPURAM"
kerala,1631,"MES ASMABI COLLEGE, P. VEMBALLUR"
kerala,1632,M.E.S. COLLEGE
kerala,1633,GOVERNMENT BRENNEN COLLEGE
kerala,1634,"ST. ALOYSIUS COLLEGE, ELTHURUTH"
kerala,1635,ST MARY'S COLLEGE
kerala,1636,"CARMEL COLLEGE, MALA"
kerala,1637,CHRISTIAN COLLEGE KATTAKADA
kerala,1638,GOVERNMENT COLLEGE
kerala,1639,"CHRISTIAN COLLEGE, CHENGANNUR"
kerala,1640,"SREE NEELAKANTA GOVT. SANSKRIT COLLEGE, PATTAMBI"
kerala,1641,POCKER SAHIB MEMORIAL ORPHANAGE COLLEGE TIRURANGADI
kerala,1642,STJOSEPH'S COLLEGE
kerala,1643,MES PONNANI COLLEGE
kerala,1644,ST. PIUS X COLLEGE
kerala,1645,KRISHNA MENON MEMORIAL GOVERNMENT WOMEN'S COLLEGE
kerala,1646,"SREE NARAYANA COLLEGE, NATTIKA"
kerala,1647,GOVERNMENT COLLEGE FOR WOMEN THIRUVANANTHAPURAM
kerala,1648,"SULLAMUSSALAM SCIENCE COLLEGE KORAMBAYIL AHAMED HAJI MEMORIAL UNITY WOMEN'S COLLEGE,"
kerala,1649,MANJERI
kerala,1650,MAR THOMA COLLEGE CHUNGATHARA
kerala,1651,"EMEA COLLEGE OF ARTS AND SCIENCE, KONDOTTI"
kerala,1652,"S N COLLEGE, PUNALUR"
kerala,1653,MARY MATHA ARTS AND SCIENCE COLLEGE
kerala,1654,"SRI C ACHUTHA MENON GOVERNMENT COLLEGE, THRISSUR"
kerala,1655,ST. GREGORIOS COLLEGE
kerala,1656,M P M M S N TRUSTS COLLEGE
kerala,1657,AQUINAS COLLEGE
kerala,1658,PAYYANUR COLLEGE
kerala,1659,MES KEVEEYAM COLLEGE VALANCHERY
kerala,1660,T.M. JACOB MEMORIAL GOVERNMENT COLLEGE
kerala,1661,"BISHOP ABRAHAM MEMORIAL COLLEGE, THURUTHICAD"
kerala,1662,SREE KERALAVARMA COLLEGE
kerala,1663,GOVERNMENT COLLEGE KODANCHERY
kerala,1664,MANNAM MEMORIAL N. S. S. COLLEGE
kerala,1665,IQBAL COLLEGE
kerala,1666,SREE NARAYANA COLLEGE
kerala,1667,ST. CYRIL'S COLLEGE
kerala,1668,TOC H INSTITUTE OF SCIENCE AND TECHNOLOGY
kerala,1669,"MAR THOMA COLLEGE, TIRUVALLA"
kerala,1670,MAR IVANIOS COLLEGE (AUTONOMOUS)
kerala,1671,MERCY COLLEGE
kerala,1672,MIMS COLLEGE OF NURSING
kerala,1673,NSS COLLEGE
kerala,1674,"SREE BUDDHA COLLEGE OF ENGINEERING, PATTOOR"
kerala,1675,SAHRDAYA COLLEGE OF ENGINEERING AND TECHNOLOGY
kerala,1676,SCMS SCHOOL OF TECHNOLOGY AND MANAGEMENT
kerala,1677,AL-AMEEN COLLEGE
kerala,1678,GOVERNMENT COLLEGE
kerala,1679,PMS COLLEGE OF DENTAL SCIENCE AND RESEARCH
kerala,1680,"N S S COLLEGE, NILAMEL"
kerala,1681,GOVERNMENT COLLEGE
kerala,1682,PAZHASSIRAJA COLLEGE
kerala,1683,NEHRU COLLEGE OF ENGINEERING AND RESEARCH CENTRE
kerala,1684,MAR ATHANASIOS COLLEGE FOR ADVANCED STUDIES
kerala,1685,PUSHPAGIRI COLLEGE OF DENTAL SCIENCES
kerala,1686,"Sahodaran Ayyappan Smaraka SNDP Yogam College, Konni"
kerala,1687,S.E.S. COLLEGE
kerala,1688,NATIONAL INSTITUTE OF SPEECH AND HEARING
kerala,1689,DON BOSCO COLLEGE
kerala,1690,AMAL JYOTHI COLLEGE OF ENGINEERING
kerala,1691,PUSHPAGIRI COLLEGE OF PHARMACY
kerala,1692,BISHOP BENZIGER COLLEGE OF NURSING
kerala,1693,JYOTHI ENGINEERING COLLEGE
kerala,1694,S. C. M. S. SCHOOL OF ENGINEERING AND TECHNOLOGY
kerala,1695,FEDERAL INSTITUTE OF SCIENCE AND TECHNOLOGY
kerala,1696,MANGALAM COLLEGE OF ENGINEERING
kerala,1697,"THE DALE VIEW COLLEGE OF PHARMACY AND RESEARCH CENTRE SREE KRISHNA COLLEGE OF PHARMACY AND RESEARCH CENTRE,"
kerala,1698,"PARASSALA, THIRUVANANTHAPURAM"
kerala,1699,MAR DIONYSIUS COLLEGE
kerala,1700,DC SCHOOL OF MANAGEMENT AND TECHNOLOGY
kerala,1701,N.S.S.COLLEGE MANJERI
kerala,1702,BASELIOS POULOSE II CATHOLICOS COLLEGE
kerala,1703,ST.XAVIER'S COLLEGE VAIKOM
kerala,1704,GOVERNMENT COLLEGE MANANTHAVADY
kerala,1705,MAR THEOPHILUS TRAINING COLLEGE
kerala,1706,MAHAJUBILEE TRAINING COLLEGE
kerala,1707,GOVT.COLLEGE SARNI
kerala,1708,GOVERNMENT COLLEGE BAGLI
kerala,1709,GOVT. T.N.S.COLLEGE GOTEGAON
kerala,1710,GOVT COLLEGE KALAPIPAL
kerala,1711,"GOVT. COLLEGE MULTAI, DISTT. BETUL, M.P."
kerala,1712,GOVERNMENT MAHARAJA MARTAND COLLEGE KOTMA
kerala,1713,"B.K.S.N GOVT. COLLEGE, SHAJAPUR"
kerala,1714,"LOKMANYA TILAK SCIENCE AND COMMERCE COLLEGE,UJJAIN M.P"
kerala,1715,GOVERNMENT COLLEGE THANDLA
kerala,1716,DANIELSON DEGREE COLLEGE
kerala,1717,KATNI ARTS AND COMMERCE COLLEGE
kerala,1718,GOVT. DEGREE COLLEGE BHUA-BICHHIYA DIST- MANDLA
kerala,1719,GOVERNMENT DEGREE COLLEGE HATPIPLIYA
kerala,1720,GOVT. ARTS COLLEGE
kerala,1721,SHRI MAKHANLAL CHATURVEDI GOVT. COLLEGE BABAI
kerala,1722,GOVERNMENT MODEL SCIENCE COLLEGE (AUTONOMOUS)
kerala,1723,GOVT PG COLLEGE RAJGARH MP
kerala,1724,GOVT CHHATRASAL MAHARAJA COLLEGE MAHARAJPUR
kerala,1725,GOVERNMENT COLLEGE RAGHOGARH
kerala,1726,SWAMI VIVEKANAND GOVT. COLLEGE LAKHNADON
kerala,1727,GOVERNMENT COLLEGE MAHIDPUR
kerala,1728,GOVT S.K.COLLEGE MAUGANJ
madhya pradesh,1729,"GOVT.GIRLS COLLEGE, RAISEN"
madhya pradesh,1730,SWARGIYA TUKOJIRAO PAWAR GOVT. SCIENCE COLLEGE DEWAS
madhya pradesh,1731,GOVT. DEGREE COLLEGE PUSHPRAJGARH
madhya pradesh,1732,GOVT. MAHATMA GANDHI MAHAVIDYALAYA JAWAD
madhya pradesh,1733,"MADHAV COLLEGE, UJJAIN"
madhya pradesh,1734,GOVT. R.V.P.S. COLLEGE UMARIA
madhya pradesh,1735,GOVT.VIVEKANAND MAHAVIDYALAYA MAIHAR DISTT.SATNA (M.P.)
madhya pradesh,1736,GOVERNMENT GIRLS COLLEGE BHIND
madhya pradesh,1737,GOVT COLLEGE DHARAMPURI
madhya pradesh,1738,GOVT. GRADUATE COLLEGE ARON
madhya pradesh,1739,GOVT. COLLEGE BARHI
madhya pradesh,1740,SW. SMT. INDIRA GANDHI SHASKIYA KANYA MAHAVIDYALAYA SHIVPURI
madhya pradesh,1741,"GOVERNMENT COLLEGE PITHAMPUR, DHAR"
madhya pradesh,1742,"GOVT. NEHRU DEGREE COLLEGE, ASHOKNAGAR (M.P.)"
madhya pradesh,1743,GOVERNMENT COLLEGE KHURAI
madhya pradesh,1744,"MAHARAJA BHOJ GOVT.P.G.AUTONOMOUS COLLEGE,DHAR"
madhya pradesh,1745,RAJA BHOJ GOVERNMENT COLLEGE MANDIDEEP
madhya pradesh,1746,"GOVT. P. G. COLLEGE, SENDHWA"
madhya pradesh,1747,GOVT. COLLEGE MEHGAON
madhya pradesh,1748,"RANI DURGAWATI SHASKIYA MAHAVIDYALAY PARASWADA,BALAGHAT MP"
madhya pradesh,1749,"GOVT COLLEGE, KUNDAM"
madhya pradesh,1750,GOVT COLLEGE NARSINGHGARH
madhya pradesh,1751,VEERANGNA JHALKARI BAI GOVERNMENT GIRLS COLLEGE
madhya pradesh,1752,GOVERNMENT GEETANJALI GIRLS' COLLEGE (AUTONOMOUS)
madhya pradesh,1753,GOVERNMENT M.H.COLLEGE OF HOME SCIENCE AND SCIENCE FOR WOMEN
madhya pradesh,1754,INDORE INSTITUTE OF LAW
madhya pradesh,1755,SAGAR INSTITUTE OF SCIENCE AND TECHNOLOGY (SISTEC)
madhya pradesh,1756,BANSAL INSTITUTE OF SCIENCE AND TECHNOLOGY
madhya pradesh,1757,GOVT. MAHAKOSHAL ARTS COMMERCE MAHAVIDYALAYA JABALPUR
madhya pradesh,1758,G. S. COLLEGE OF COMMERCE AND ECONOMICS
madhya pradesh,1759,NRI INSTITUTE OF INFORMATION SCIENCE AND TECHNOLOGY
madhya pradesh,1760,ORIENTAL COLLEGE OF TECHNOLOGY
madhya pradesh,1761,GOVT.COLLEGE PALERA
madhya pradesh,1762,"GOVT. HOME SC. PG COLLEGE HOSHANGABAD GOVERNMENT MAHARANI LAXMI BAI GIRLS P.G. AUTONOMOUS COLLEGE,"
madhya pradesh,1763,"BHOPAL M.P. IPS ACADEMY, INSTITUTE OF BUSINESS MANAGEMENT AND RESEARCH,"
madhya pradesh,1764,"INDORE, MP"
madhya pradesh,1765,MADHAV VIDHI MAHAVIDHYALAYA
madhya pradesh,1766,"IPS ACADEMY, INSTITUTE OF ENGINEERING AND SCIENCE"
madhya pradesh,1767,"GOVT. J.S.T. P.G. COLLEGE, BALAGHAT GOVT. MANKUNWAR BAI ARTS AND COMMERCE AUTONOMOUS COLLEGE"
madhya pradesh,1768,FOR WOMEN
madhya pradesh,1769,GOVERNMENT GIRLS COLLEGE CHACHORA
madhya pradesh,1770,"GOVT.GIRLS COLLEGE,MANDSAUR"
madhya pradesh,1771,"RAJA BHOJ GOVERNMENT COLLEGE, KATANGI"
madhya pradesh,1772,"GOVERNMENT COLLEGE RAU,INDORE"
madhya pradesh,1773,"GOVT. COLLEGE JAISINGHNAGAR, SHAHDOL ( M.P. )"
madhya pradesh,1774,GOVERNMENT COLLEGE SHAHPUR
madhya pradesh,1775,SWAMI VIVEKANANDA GOVT. COLLEGE SUSNER
madhya pradesh,1776,GOVT COLLEGE GAIRATGANJ
madhya pradesh,1777,GOVERNMENT COLLEGE JEERAPUR
madhya pradesh,1778,SHRI SHIVNARAYAN UDIYA GOVT.COLLEGE GAROTH
madhya pradesh,1779,"GOVT P. G. COLLEGE, RAMPURA"
madhya pradesh,1780,"GOVERNMENT MAHAVEER COLLEGE, PETLAWAD"
madhya pradesh,1781,ST. PAUL INSTITUTE OF PROFESSIONAL STUDIES
madhya pradesh,1782,RAJA HARPALSINGH GOVERNMENT COLLEGE HARPALPUR
madhya pradesh,1783,"GOVT. BAPU COLLEGE, NOWGONG"
madhya pradesh,1784,SHRI UMIYA KANYA MAHAVIDYALAYA
madhya pradesh,1785,RISHIRAJ COLLEGE OF DENTAL SCIENCES AND RESEARCH CENTRE
madhya pradesh,1786,SAGAR INSTITUTE OF RESEARCH AND TECHNOLOGY EXCELLENCE BHOPAL
madhya pradesh,1787,"GOVERNMENT MOTILAL VIGYAN MAHAVIDYALAYA, BHOPAL"
madhya pradesh,1788,GOVERNMENT HAMIDIA ARTS AND COMMERCE COLLEGE
madhya pradesh,1789,INDORE INSTITUTE OF SCIENCE AND TECHNOLOGY
madhya pradesh,1790,INDORE INSTITUTE OF PHARMACY SHIVAJIRAO KADAM INSTITUTE OF TECHNOLOGY AND MANAGEMENT -
madhya pradesh,1791,TECHNICAL CAMPUS
madhya pradesh,1792,MANSAROVAR DENTAL COLLEGE
madhya pradesh,1793,GRY INSTITUTE OF PHARMACY
madhya pradesh,1794,CHAMELI DEVI GROUP OF INSTITUTIONS
madhya pradesh,1795,MAHARAJA RANJIT SINGH COLLEGE OF PROFESSIONAL SCIENCES
madhya pradesh,1796,GOVT. NARMADA COLLEGE HOSHANGABAD
madhya pradesh,1797,"PRASHANTI COLLEGE OF PROFESSIONAL STUDIES, UJJAIN"
madhya pradesh,1798,R.D.MEMORIAL COLLEGE OF NURSING
madhya pradesh,1799,GOVT. MAHARANI LAXMIBAI GIRLS PG COLLEGE
madhya pradesh,1800,"GOVT. P. G. COLLEGE KHARGONE SHRI NEELKANTHESHWAR GOVERNMENT POST GRADUATE COLLEGE,"
madhya pradesh,1801,KHANDWA (M.P.) SHRI ATAL BIHARI VAJPAYEE GOVERNMENT ARTS AND COMMERCE
madhya pradesh,1802,COLLEGE MATA JIJABAI GOVERNMENT GIRLS POST GRADUATE COLLEGE
madhya pradesh,1803,(AUTONOMOUS)
madhya pradesh,1804,"RANI DURGAWATI GOVERNMENT POST GRADUATE COLLEGE, MANDLA SHRIMANT MADHAVRAO SCINDIA GOVERNMENT MODEL SCIENCE"
madhya pradesh,1805,"COLLEGE, GWALIOR MP GOVERNMENT AUTONOMOUS POST GRADUATE COLLEGE CHHINDWARA,"
madhya pradesh,1806,MADHYA PRADESH
madhya pradesh,1807,MLC GOVT. GIRLS COLLEGE PG KHANDWA MADHYA PRADESH
madhya pradesh,1808,THE BHOPAL SCHOOL OF SOCIAL SCIENCES
madhya pradesh,1809,"Govt. P.G. College, Datia"
madhya pradesh,1810,GOVT. MAHATMA GANDHI MEMORIAL POST GRADUATE COLLEGE ITARSI
madhya pradesh,1811,GOVERNMENT ARTS AND COMMERCE (NAVEEN) COLLEGE
madhya pradesh,1812,GOVT. SHRIMANT MADHAVRAO SCINDIA P.G. COLLEGE SHIVPURI (M.P.)
madhya pradesh,1813,CAREER COLLEGE
madhya pradesh,1814,GOVERNMENT GIRLS COLLEGE
madhya pradesh,1815,GOVERNMENT P.G. COLLEGE TIKAMGARH (M.P.)
madhya pradesh,1816,"GOVERNMENT TILAK PG COLLEGE SWAMI VIVEKANAND GOVERNMENT COLLEGE BERASIA DISTRICT, BHOPAL"
madhya pradesh,1817,(M.P.)
madhya pradesh,1818,Amar Shahid Rajabho Mahakal Government College Sonkatch
madhya pradesh,1819,"SADHU VASWANI AUTONOMOUS COLLEGE, BAIRAGARH, BHOPAL"
madhya pradesh,1820,GOVT. COLLEGE KHATEGAON
madhya pradesh,1821,"GOVT. P. G. COLLEGE, BINA AMAR SHAHID CHANDRASHEKHAR AZAD GOVT POSTGRADUATE COLLEGE"
madhya pradesh,1822,NIWARI GYANCHANDRA SRIVASTAVA GOVERNMENT POSTGRADUATE COLLEGE
madhya pradesh,1823,DAMOH
madhya pradesh,1824,GOVERNMENT GIRLS COLLEGE BARWANI (M.P.)
madhya pradesh,1825,GOVERNMENT COLLEGE JUNNARDEO
madhya pradesh,1826,GOVERNMENT GIRLS' COLLEGE
madhya pradesh,1827,GOVERNMENT GIRLS COLLEGE
madhya pradesh,1828,SHAHEED BHEEMA NAYAK GOVERNMENT POST GRADUATE COLLEGE
madhya pradesh,1829,GOVT MADHAV SCIENCE COLLEGE
madhya pradesh,1830,GOVERNMENT DEGREE COLLEGE BARGHAT
madhya pradesh,1831,PIONEER INSTITUTE OF PROFESSIONAL STUDIES
madhya pradesh,1832,"PRESTIGE INSTITUTE OF MANAGEMENT AND RESEARCH, INDORE"
madhya pradesh,1833,"GOVERNMENT GIRLS COLLEGE, DHAR (M.P.) Sanjay Gandhi Smriti Government Autonomous Post Graduate College Sidhi"
madhya pradesh,1834,(M.P.)
madhya pradesh,1835,SHRI SITARAM JAJU GOVENRMENT GIRLS COLLEGE
madhya pradesh,1836,Govt. Girls PG College Satna
madhya pradesh,1837,GOVT. P.G. COLLEGE SHEOPUR (M.P.)
madhya pradesh,1838,ANAND VIHAR COLLEGE FOR WOMEN
madhya pradesh,1839,Govt. Indira Gandhi Home Science Girls PG College Shahdol
madhya pradesh,1840,GOVERNMENT VRINDA SAHAY P. G. COLLEGE
madhya pradesh,1841,"SWAMI VIVEKANAND GOVERNMENT COMMERCE COLLEGE, RATLAM"
madhya pradesh,1842,SAMRAT ASHOK TECHNOLOGICAL INSTITUTE
madhya pradesh,1843,SWAMI VIVEKANAND GOVT. COLLEGE RAISEN
madhya pradesh,1844,BOMBAY HOSPITAL COLLEGE OF NURSING
madhya pradesh,1845,GOVERNMENT SHYAM SUNDAR NARAYAN MUSHRAN WOMEN'S COLLEGE
madhya pradesh,1846,GOVERNMENT POST GRADUATE COLLEGE
madhya pradesh,1847,ADARSH INSTITUTE OF MANAGEMENT AND SCIENCE
madhya pradesh,1848,GOVT. COLLEGE SATNA
madhya pradesh,1849,JAWAHARLAL NEHRU GOVERNMENT DEGREE COLLEGE BARWAHA
madhya pradesh,1850,IPS ACADEMY
madhya pradesh,1851,INSTITUTE OF PROFESSIONAL STUDIES
madhya pradesh,1852,DANG SEVA MANDAL'S ARTS COLLEGE ABHONE
madhya pradesh,1853,"SHRI PANDITGURU PARDIKAR MAHAVIDYALAYA, SIRSALA."
madhya pradesh,1854,"MAHATMA PHULE MAHAVIDYALAYA, KINGAON RAJA SHIVCHHATRAPATI ARTS AND COMMERCE COLLEGE, MAHAGAON, TAL-"
madhya pradesh,1855,"GADHINGLAJ, DIST- KOLHAPUR (M.S.) SHRI RENUKADEVI ARTS, COMMERCE AND SCIENCE MAHAVIDYALAYA,"
madhya pradesh,1856,"MAHUR DIST. NANDED. SHRI RAJASTHANI SEVA SANGH'S, SMT. PARMESHWARIDEVI DURGADUTT"
madhya pradesh,1857,"TIBREWALA LIONS JUHU COLLEGE OF ARTS, COMMERCE & SCIENCE NIVRUTTI BABAJI NAVALE COLLEGE OF COMMERCE AND SCIENCE,KUSGAON"
madhya pradesh,1858,"(BK),LONAVALA"
madhya pradesh,1859,"ARTS SENIOR COLLEGE S.G.V. & S.S.P.ARTS, COMMERCE & SCIENCE COLLEGE, ONDE, TAL."
madhya pradesh,1860,"VIKRAMGAD, DIST. PALGHAR (MAHARASHTRA) MAHANT JAMANADAS MAHARAJ ARTS, COMMERCE AND SCIENCE COLLEGE,"
madhya pradesh,1861,"KARANJALI, TAL.PETH, DIST. NASHIK DR. L.D. BALKHANDE COLLEGE OF ARTS AND COMMERCE, PAUNI, DIST-"
madhya pradesh,1862,BHANDARA
madhya pradesh,1863,"SHRI SADGURU SAIBABA SCIENCE AND COMMERCE COLLEGE, ASHTI BAPUMIYA SIRAJODDIN PATEL ARTS,COMMERCE & SCIENCE COLLEGE, PIMPALGAON KALE, TQ. JALGAON JAMOD, DIST. BULDANA STATE-"
madhya pradesh,1864,MAHARASHTRA.
madhya pradesh,1865,"SHANKARLAL AGRAWAL SCIENCE COLLEGE, SALEKASA"
madhya pradesh,1866,"TUKARAM BABURAO KADAM COLLEGE OF ARTS,SCIENCE & COMMERCE."
madhya pradesh,1867,"BAPURAO DESHMUKH COLLEGE OF ENGINEERING, SEVAGRAM"
madhya pradesh,1868,"PADMASHRI DR. V. B. KOLTE COLLEGE OF ENGINEERING, MALKAPUR"
madhya pradesh,1869,TIRPUDE INSTITUTE OF MANAGEMENT EDUCATION
madhya pradesh,1870,S.B. KHADE MAHAVIDYALAYA
madhya pradesh,1871,"K. D. K. COLLEGE OF ENGINEERING, NAGPUR PUNE VIDYARTHI GRIHA'S COLLEGE OF ENGINEERING AND TECHNOLOGY,"
madhya pradesh,1872,PUNE
madhya pradesh,1873,"JAGADAMBHA COLLEGE OF ENGINEERING AND TECHNOLOGY, YAVATMAL"
madhya pradesh,1874,"JAGADAMBHA COLLEGE OF ENGINEERING AND TECHNOLOGY, YAVATMAL DILKAP RESEARCH INSTITUTE OF ENGINEERING AND MANAGEMENT"
madhya pradesh,1875,STUDIES
madhya pradesh,1876,"FABTECH TECHNICAL CAMPUS, COLLEGE OF ENGINEERING AND RESEARCH"
madhya pradesh,1877,PHALTAN EDUCATION SOCIETY'S COLLEGE OF ENGINEERING
madhya pradesh,1878,"ALARD COLLEGE OF ENGINEERING AND MANAGEMENT , PUNE MARATHWADA MITRA MANDAL'S SHANKARRAO CHAVAN LAW COLLEGE,"
madhya pradesh,1879,PUNE
madhya pradesh,1880,Tilak Education Society's S.K College of Science and Commerce
madhya pradesh,1881,"N. B. NAVALE SINHGAD COLLEGE OF ENGINEERING, KEGAON, SOLAPUR"
madhya pradesh,1882,"VIDYASAGAR KALA MAHAVIDYALAYA PADMASHREE DR. D Y PATIL INSTITUTE OF ENGINEERING, MANAGEMENT"
madhya pradesh,1883,AND RESEARCH VIVEKANAND EDUCATTION SOCIETY'S INSTITUTE OF MANAGEMENT
madhya pradesh,1884,STUDIES AND RESEARCH
madhya pradesh,1885,"PRAVARA RURAL ENGINEERING COLLEGE, LONI"
madhya pradesh,1886,COLLEGE OF MANAGEMENT AND COMPUTER SCIENCE
madhya pradesh,1887,SHRI RAM COLLEGE OF COMMERCE
madhya pradesh,1888,BHARATI VIDYAPEETH'S COLLEGE OF ENGINEERING FOR WOMEN MAHARSHI KARVE STREE SHIKSHAN SAMSTHA'S DR. BHANUBEN NANAVATI
madhya pradesh,1889,"COLLEGE OF ARCHITECTURE FOR WOMEN RAJMATA JIJAU SHIKSHAN PRASARAK MANDAL'S ARTS ,COMMERCE AND"
madhya pradesh,1890,"SCIENCE COLLEGE,BHOSARI,PUNE"
madhya pradesh,1891,ATHARVA COLLEGE OF ENGINEERING
madhya pradesh,1892,PRIYADARSHINI J. L. COLLEGE OF PHARMACY
madhya pradesh,1893,"JCEI'S JAIHIND COLLEGE OF ENGINEERING,KURAN"
madhya pradesh,1894,MAHATMA GANDHI VIDYAMANDIR'S ARTS COLLEGE NIMGAON TSSM'S PADMABHOOSHAN VASANTDADA PATIL INSTITUTE OF
madhya pradesh,1895,"TECHNOLOGY, BAVDHAN,PUNE"
madhya pradesh,1896,"GOVINDLAL KANHAIYALAL JOSHI (NIGHT) COMMERCE COLLEGE, LATUR"
madhya pradesh,1897,"ARTS COMMERCE COLLEGE, RALEGAON"
madhya pradesh,1898,"SIPNA COLLEGE OF ENGINEERING AND TECHNOLOGY, AMRAVATI"
madhya pradesh,1899,"SSVPS BS DEORE COLLEGE OF ENGINEERING ANANDI ARTS, COMMERCE AND SCIENCE MAHAVIDYALAYA,"
madhya pradesh,1900,"GAGANBAVADA NAGESH KARAJAGI ORCHID COLLEGE OF ENGINEERING AND TECHNOLOGY,"
madhya pradesh,1901,SOLAPUR MAULANA AZAD EDUCATIONAL TRUST'S Y B CHAVAN COLLEGE OF
madhya pradesh,1902,PHARMACY MATSYODARI SHIKSHAN SANSTHA'S COLLEGE OF ENGINEERING AND
madhya pradesh,1903,"TECHNOLOGY, JALNA"
madhya pradesh,1904,VIDYA NIKETAN DEGREE COLLEGE OF COMMERCE
madhya pradesh,1905,"SHRI VASANTRAO NAIK MAHAVIDYALAYA, DHARNI"
madhya pradesh,1906,"RFNS, SENIOR SCIENCE COLLEGE, AKKALKUWA"
madhya pradesh,1907,SHRI OMKARNATH MALPANI LAW COLLEGE SANGAMNER DR D Y PATIL EDUCATIONAL ENTERPRISES CHARITABLE TRUSTS DR D Y PATIL
madhya pradesh,1908,GROUP OF INSTITUTIONS DR D Y PATIL SCHOOL OF ENGINEERING
madhya pradesh,1909,"CHRIST COLLEGE, PUNE"
madhya pradesh,1910,"SIR VISVESVARAYA INSTITUTE OF TECHNOLOGY, CHINHOLI, NASHIK SANJIVANI RURAL EDUCATION SOCIETY, SANJIVANI ARTS, COMMERCE AND"
madhya pradesh,1911,SCIENCE COLLEGE
madhya pradesh,1912,"AAKAR COLLEGE OF MANAGEMENT FOR WOMEN GOKHALE EDUCATION SOCIETY'S R. H. SAPAT COLLEGE OF ENGINEERING,"
madhya pradesh,1913,"MANAGEMENT STUDIES AND RESEARCH, NASHIK"
madhya pradesh,1914,NATIONAL SENIOR COLLEGE NASHIK D. Y. PATIL INSTITUTE OF MASTER OF COMPUTER APPLICATIONS AND
madhya pradesh,1915,MANAGEMENT HINDI SEVA MANDALS SHRI SANT GADGE BABA COLLEGE OF ENGINEERING
madhya pradesh,1916,AND TECHNOLOGY BHUSAWAL SINHGAD TECHNICAL EDUCATION SOCIETYS SINHGAD COLLEGE OF
madhya pradesh,1917,PHARMACY SINHGAD TECHNICAL EDUCATION SOCIETY'S SMT. KASHIBAI NAVALE
madhya pradesh,1918,COLLEGE OF PHARMACY ABHINAV SHETKARI SHIKSHAN MANDAL'S ABHINAV COLLEGE OF
madhya pradesh,1919,"COMMERCE, ARTS AND SCIENCE"
madhya pradesh,1920,"WALCHAND INSTITUTE OF TECHNOLOGY,SOLAPUR"
madhya pradesh,1921,SMT. INDIRA GANDHI COLLEGE OF ENGINEERING
madhya pradesh,1922,SINHGAD INSTITUTE OF PHARMACY
madhya pradesh,1923,PILLAI HOC COLLEGE OF ENGINEERING AND TECHNOLOGY
madhya pradesh,1924,JAWAHAR EDUCATION SOCIETYS A. C. PATIL COLLEGE OF ENGINEERING
madhya pradesh,1925,"K.NARKHEDE COLLEGE BHUSAVAL MARATHWADA MITRA MANDAL'S COLLEGE OF PHARMACY, THERGAON,"
madhya pradesh,1926,PUNE
madhya pradesh,1927,SIES GRADUATE SCHOOL OF TECHNOLOGY CHOUDHARI ATTARSINGH YADAV MEMORIAL TRUST SIDDHANT COLLEGE
madhya pradesh,1928,"OF ENGINEERING,SUDUMBARE"
madhya pradesh,1929,"MGM'S COLLEGE OF ENGINEERING AND TECHNOLOGY, KAMOTHE"
madhya pradesh,1930,SUDHA SURESHBHAI MANIAR COLLEGE OF COMPUTER AND MANAGEMENT
madhya pradesh,1931,"KAVIKULGURU INSTITUTE OF TECHNOLOGY AND SCIENCE, RAMTEK"
madhya pradesh,1932,YASHODA TECHNICAL CAMPUS SATARA
madhya pradesh,1933,CUMMINS COLLEGE OF ENGINEERING FOR WOMEN
madhya pradesh,1934,SIES COLLEGE OF MANAGEMENT STUDIES
madhya pradesh,1935,SHIVAJIRAO S. JONDHALE COLLEGE OF ENGINEERING
madhya pradesh,1936,FOSTER DEVELOPMENT SCHOOL OF MANAGEMENT
madhya pradesh,1937,RANDHIRSINGH BHADORIYA MAHAVIDYALAYA UMRED
madhya pradesh,1938,"MET'S INSTITUTE OF MANAGEMENT SINHGAD INSTITUTE OF PHARMACEUTICAL SCIENCES, KUSGAON (BK.),"
madhya pradesh,1939,"LONAVALA JAWAHARLAL DARDA INSTITUTE OF ENGINEERING AND TECHNOLOGY,"
madhya pradesh,1940,YAVATMAL
madhya pradesh,1941,DR D Y PATIL SCHOOL OF ENGINEERING AND TECHNOLOGY
madhya pradesh,1942,"DHOLE PATIL COLLEGE OF ENGINEERING, PUNE"
madhya pradesh,1943,UNIQUE INSTITUTE OF MANAGEMENT
madhya pradesh,1944,ISBM SCHOOL OF TECHNOLOGY
madhya pradesh,1945,HI-TECH INSTITUTE OF TECHNOLOGY
madhya pradesh,1946,IDEAS-INSTITUTE OF DESIGN EDUCATION AND ARCHITECTURAL STUDIES
madhya pradesh,1947,LOTUS BUSINESS SCHOOL
madhya pradesh,1948,SMT. KISHORITAI BHOYAR COLLEGE OF PHARMACY
madhya pradesh,1949,"DR. J. J. MAGDUM COLLEGE OF ENGINEERING, JAYSINGPUR"
madhya pradesh,1950,NANASAHEB MAHADIK COLLEGE OF ENGINEERING
madhya pradesh,1951,JHULELAL INSTITUTE OF TECHNOLOGY
madhya pradesh,1952,JHULELAL INSTITUTE OF TECHNOLOGY
madhya pradesh,1953,"BHARATI VIDYAPEETH'S COLLEGE OF ENGINEERING, LAVALE, PUNE"
madhya pradesh,1954,"GODAVARI COLLEGE OF ENGNEERING, JALGAON ALL INDIA SHRI SHIVAJI MEMORIAL SOCIETY'S COLLEGE OF ENGINEERING,"
madhya pradesh,1955,PUNE
madhya pradesh,1956,SANDIP INSTITUTE OF ENGINEERING AND MANAGEMENT
madhya pradesh,1957,SANDIP INSTITUTE OF TECHNOLOGY AND RESEARCH CENTRE KHANDESH COLLEGE EDUCATION SOCIETY'S INSTITUTE OF MANAGEMENT
madhya pradesh,1958,"AND RESEARCH,,JALGAON KHANDESH COLLEGE EDUCATION SOCIETY'S INSTITUTE OF MANAGEMENT"
madhya pradesh,1959,"AND RESEARCH,,JALGAON"
madhya pradesh,1960,SHARADCHANDRA PAWAR COLLEGE OF ENGINEERING
madhya pradesh,1961,SHREE L.R. TIWARI COLLEGE OF ENGINEERING
madhya pradesh,1962,WAINGANGA COLLEGE OF ENGINEERING AND MANAGEMENT
madhya pradesh,1963,WAINGANGA COLLEGE OF ENGINEERING AND MANAGEMENT
madhya pradesh,1964,"MAHILA KALA MAHAVIDYALAYA UMRED ,NAGPUR"
madhya pradesh,1965,SAMARTH GROUP OF INSTITUTIONS
madhya pradesh,1966,SUMAN RAMESH TULSIANI TECHNICAL CAMPUS-FACULTY OF ENGINEERING
madhya pradesh,1967,MAHATMA GANDHI MISSION'S COLLEGE OF ENGINEERING
madhya pradesh,1968,SANDIP INSTITUTE OF PHARMACEUTICAL SCIENCES
madhya pradesh,1969,ANJUMAN COLLEGE OF ENGINEERING AND TECHNOLOGY
madhya pradesh,1970,"ANURADHA ENGINEERING COLLEGE, CHIKHLI DHAMANGAON EDUCATION SOCIETY'S COLLEGE OF ENGINEERING AND"
madhya pradesh,1971,"TECHNOLOGY, DHAMANGAON (RLY.) ZEAL EDUCATION SOCIETY'S ZEAL INSTITUTE OF BUSINESS"
madhya pradesh,1972,"ADMINISTRATION, COMPUTER APPLICATION AND RESEARCH"
madhya pradesh,1973,JSPM'S BHIVARABAI SAWANT INSTITUTE OF TECHNOLOGY AND RESEARCH JAYAWANT SHIKSHAN PRASARAK MANDAL'S RAJARSHI SHAHU COLLEGE OF
madhya pradesh,1974,PHARMACY AND RESEARCH
madhya pradesh,1975,TSSM'S BHIVARABAI SAWANT COLLEGE OF ENGINEERING AND RESEARCH MANDKE HUMAN HAPPINESS FOUNDATION'S SMT. SUDHATAI MANDKE
madhya pradesh,1976,COLLEGE CAMP EDUCATION SOCIETY'S DR. ARVIND B. TELANG INSTITUTE OF HOTEL
madhya pradesh,1977,MANAGEMENT
madhya pradesh,1978,ALAMURI RATNAMALA INSTITUTE OF ENGINEERING AND TECHNOLOGY
madhya pradesh,1979,GOVERNMENT COLLEGE OF ENGINEERING JALGAON GOKHALE EDUCATION SOCIETY'S J.D.C. BYTCO INSTITUTE OF MANAGEMENT
madhya pradesh,1980,STUDIES AND RESEARCH
madhya pradesh,1981,ZEAL INSTITUTE OF MANAGEMENT AND COMPUTER APPLICATION AKHIL BHARATIYA MARATHA SHIKSHAN PARISHAD PUNE ANANTRAO
madhya pradesh,1982,PAWAR COLLEGE OF ENGINEERING AND RESEARCH
madhya pradesh,1983,S N D COLLEGE OF PHARMACY KALYANI CHARITABLE TRUST'S KALYANI RAVINDRA SAPKAL COLLEGE OF
madhya pradesh,1984,MANAGEMENT STUDIES
madhya pradesh,1985,MS COLLEGE OF ARTS SCIENCE COMMERCE AND BMS KALYANI CHARITABLE TRUST'S LATE GAMBHIRRAO NATUBA SAPKAL
madhya pradesh,1986,COLLEGE OF ENGINEERING
madhya pradesh,1987,"PUNE VIDYARTHI GRIHA'S COLLEGE OF ENGINEERING, NASHIK"
madhya pradesh,1988,DR D Y PATIL SCHOOL OF MANAGEMENT
madhya pradesh,1989,"BRAHMDEVDADA MANE INSTITUTE OF TECHNOLOGY, SOLAPUR SINHGAD INSTITUTE OF BUSINESS ADMINISTRATION AND COMPUTER"
madhya pradesh,1990,APPLICATION SINHGAD TECHNICAL EDUCATIONAL SOCIETY'S SINHGAD INSTITUTE OF
madhya pradesh,1991,MANAGEMENT
madhya pradesh,1992,MS COLLEGE OF LAW
madhya pradesh,1993,"GENBA SOPANRAO MOZE COLLEGE OF ENGINEERING, BALEWADI, PUNE"
madhya pradesh,1994,SHIVAJIRAO S. JONDHLE COLLEGE OF ENGINEERING & TECHNOLOGY
madhya pradesh,1995,"P K TECHNICAL CAMPUS ALL INDIA SHRI SHIVAJI MEMORIAL SOCIETY'S COLLEGE OF PHARMACY,"
madhya pradesh,1996,PUNE
madhya pradesh,1997,"VYWS DENTAL COLLEGE AND HOSPITAL, AMRAVATI"
madhya pradesh,1998,MARATHWADA INSTITUTE OF MANAGEMENT AND RESEARCH
madhya pradesh,1999,"PARVATIBAI GENBA MOZE COLLEGE OF ENGINEERING, WAGHOLI, PUNE KVN NAIK S P SANSTHA'S LOKNETE GOPINATHJI MUNDE INSTITUTE OF"
madhya pradesh,2000,"ENGINEERING EDUCATION AND RESEARCH, NASHIK"
madhya pradesh,2001,GURU NANAK INSTITUTE OF TECHNOLOGY
madhya pradesh,2002,NUTAN MAHARASHTRA INSTITUTE OF ENGINEERING AND TECHNOLOGY
madhya pradesh,2003,"STE'S SINHGAD COLLEGE OF ARCHITECTURE, VADGAON (BK) PUNE."
madhya pradesh,2004,SINHGAD INSTITUTE OF MANAGEMENT AND COMPUTER APPLICATION
madhya pradesh,2005,"CHHTRAPATI SHIVAJI KALA MAHAVIDYALAYA, ASEGAON PURNA"
madhya pradesh,2006,PRIYADARSHINI COLLEGE OF ENGINEERING
madhya pradesh,2007,PRIYADARSHINI COLLEGE OF ENGINEERING
madhya pradesh,2008,NEVILLE WADIA INSTITUTE OF MANAGEMENT STUDIES AND RESEARCH SURYADATTA COLLEGE OF HOSPITALITY MANAGEMENT AND TRAVEL
madhya pradesh,2009,TOURISM
madhya pradesh,2010,NAVSAHYADRI EDUCATION SOCIETY'S GROUP OF INSTITUTIONS
madhya pradesh,2011,"ASPM'S K T PATIL COLLEGE OF PHARMACY, OSMANABAD"
madhya pradesh,2012,R M DHARIWAL SINHGAD MANAGEMENT SCHOOL
madhya pradesh,2013,SINHGAD INSTITUTE OF BUSINESS ADMINISTRATION AND RESEARCH
madhya pradesh,2014,DR. RAJENDRA GODE INSTITUTE OF TECHNOLOGY AND RESEARCH
madhya pradesh,2015,S.K.N. SINHGAD SCHOOL OF BUSINESS MANAGEMENT MKSSS'S SMT. HIRABEN NANAVATI INSTITUTE OF MANAGEMENT AND
madhya pradesh,2016,RESEARCH FOR WOMEN
madhya pradesh,2017,SINHGAD BUSINESS SCHOOL NAGARJUNA INSTITUTE OF ENGINEERING TECHNOLOGY AND
madhya pradesh,2018,MANAGEMENT
madhya pradesh,2019,"INSTITUTE OF BUSINESS MANAGEMENT AND RESEARCH, WAKAD"
madhya pradesh,2020,SIDDHANT INSTITUTE OF BUSINESS MANAGEMENT
madhya pradesh,2021,COLLEGE OF COMPUTER SCIENCES AMRUTVAHINI INSTITUTE OF MANAGEMENT AND BUSINESS
madhya pradesh,2022,ADMINISTRATION
madhya pradesh,2023,BHARAT COLLEGE OF ENGINEERING
madhya pradesh,2024,"KALAPRABODHINI'S INSTITUTE OF DESIGN, KOLHAPUR"
madhya pradesh,2025,SADHU VASWANI INSTITUTE OF MANAGEMENT STUDIES FOR GIRLS
madhya pradesh,2026,"INDIRA GANDHI KALA MAHAVIDYALAYA, RALEGAON"
madhya pradesh,2027,"SUDHAKARRAO NAIK INSTITUTE OF PHARMACY RAJIV GANDHI COLLEGE OF ENGINEERING, RESEARCH AND TECHNOLOGY,"
madhya pradesh,2028,CHANDRAPUR
madhya pradesh,2029,"BABASAHEB NAIK COLLEGE OF ENGINEERING K. J'S. EDUCATIONAL INSTITUTES, TRINITY INSTITUTE OF MANAGEMENT"
madhya pradesh,2030,AND RESEARCH SURYADATTA INSTITUTE OF MANAGEMENT AND MASS COMMUNICATION
madhya pradesh,2031,(SIMMC)
madhya pradesh,2032,UNIVERSAL COLLEGE OF ENGINEERING
madhya pradesh,2033,SIDDHANT COLLEGE OF PHARMACY
madhya pradesh,2034,SAMEER GANDHI KALA MAHAVIDYALAYA MALSHIRAS
madhya pradesh,2035,"PUNE INSTITUTE OF BUSINESS MANAGEMENT RAJARSHI SHAHU INSTITUTE OF MANAGEMENT, AURANGABAD,"
madhya pradesh,2036,MAHARASHTRA
madhya pradesh,2037,ARTS AND COMMERCE COLLEGE BHISI PANKAJ LADDHAD INSTITUTE OF TECHNOLOGY AND MANAGEMENT
madhya pradesh,2038,STUDIES
madhya pradesh,2039,"SHRI SAI COLLEGE OF ENGINEERING AND TECHNOLOGY, BHADRAWATI."
madhya pradesh,2040,ARDHANARI NATESHWAR MAHAVIDYALYA
madhya pradesh,2041,M. S. BIDVE ENGINEERING COLLEGE
madhya pradesh,2042,AKEMI BUSINESS SCHOOL MAULI GROUP OF INSTITUTION'S COLLEGE OF ENGINEERING AND
madhya pradesh,2043,"TECHNOLOGY, SHEGAON"
madhya pradesh,2044,PRATAPSINH MOHITE-PATIL MAHAVIDYALAYA KARMALA
madhya pradesh,2045,PRATIBHA INSTITUTE OF BUSINESS MANAGEMENT
madhya pradesh,2046,"MARATHWADA MITRA MANDAL'S INSTITUTE OF TECHNOLOGY CHHATRAPATI SHAHU MAHARAJ SHIKSHAN SANSTHAS AYURVED MAHAVIDYALAYA AND RUGNALAYA, KANCHANWADI, PAITHAN ROAD,"
madhya pradesh,2047,"AURANGABAD, MAHARASHTRA JMF'S VANDE MATARAM DEGREE COLLEGE OF ARTS, COMMERCE AND"
madhya pradesh,2048,SCIENCE VASANTDADA PATIL PRATISHTHAN GURUVARYA SADANAND MAHARAJ
madhya pradesh,2049,"ARTS AND COMMERCE COLLGE KONDHWA BK PUNE SHRI SANT TUKARAM SHIKSHAN PRASARAK MANDAL'S ARTS,COMMERCE"
madhya pradesh,2050,AND BBA COLLEGE VADGAON MAVAL.
madhya pradesh,2051,"ZULEKHA COLLEGE OF COMMERCE, SCIENCE AND TECHNOLOGY"
madhya pradesh,2052,"LOKMANGAL SCIENCE AND ENTREPRENEURSHIP COLLEGE, WADALA"
madhya pradesh,2053,MOTIWALA (NATIONAL) HOMEOPATHIC MEDICAL COLLEGE AND HOSPITAL
madhya pradesh,2054,"INSTITUTE OF BUSINESS MANAGEMENT AND RESEARCH, CHAKAN MATOSHREE SUMATI CHINTAMANI TIPNIS COLLEGE OF ARTS AND"
madhya pradesh,2055,"COMMERCE, NERAL"
madhya pradesh,2056,SHRI SHIVAJI SCIENCE COLLEGE
madhya pradesh,2057,"BHUSAWAL ARTS, SCIENCE AND P. O. NAHATA COMMERCE COLLEGE AHMEDNAGAR JILHA MARATHA VIDYA PRASARAK SAMAJ'S SHRI CHHATRAPATI SHIVAJI MAHARAJ COLLEGE OF ENGINEERING, NEPTI,"
madhya pradesh,2058,AHMEDNAGAR C.H.M.E. SOCIETY'S DR. MOONJE INSTITUTE OF MANAGEMENT AND
madhya pradesh,2059,COMPUTER STUDIES
madhya pradesh,2060,"BALAJI COLLEGE OF ARTS, COMMERCE AND SCIENCE"
madhya pradesh,2061,"RAJARSHI SHAHU COLLEGE OF ENGINEERING,BULDANA YAVATMAL ZILLA VIKAS SAMITI'S PATALDHAMAL WADHWANI COLLEGE OF"
madhya pradesh,2062,PHARMACY YAVATMAL
madhya pradesh,2063,"KARMAVEER BHAURAO PATIL COLLEGE OF ENGINEERING, SATARA"
madhya pradesh,2064,DON BOSCO INSTITUTE OF TECHNOLOGY
madhya pradesh,2065,PADMABHOOSHAN VASANTRAODADA PATIL INSTITUTE OF TECHNOLOGY
madhya pradesh,2066,SHRI M. D. SHAH MAHILA COLLEGE OF ARTS AND COMMERCE
maharashtra,2067,COLLEGE OF SCIENCE
maharashtra,2068,"JSSF'S B. R. HARNE COLLEGE OF ENGINEERING AND TECHNOLOGY POOJYA SANE GURUJI VIDYA PRASARAK MANDAL'S S. I. PATIL ARTS, G. B."
maharashtra,2069,PATEL SCIENCE AND S. T. K. V. SANGH COMMERCE COLLEGE R. E. SOCIETY'S R. P. GOGATE COLLEGE OF ARTS AND SCIENCE AND R. V.
maharashtra,2070,"JOGALEKAR COLLEGE OF COMMERCE, RATNAGIRI DECCAN EDUCATION SOCIETY'S NAVINCHANDRA MEHTA INSTITUTE OF"
maharashtra,2071,TECHNOLOGY AND DEVELOPMENT
maharashtra,2072,"MCT'S RAJIV GANDHI INSTITUTE OF TECHNOLOGY, MUMBAI"
maharashtra,2073,STMEI'S SANDIPANI TECHNICAL CAMPUS FACULTY OF ENGINEERING
maharashtra,2074,"NSCT'S INSTITUTE OF MANAGEMENT SCIENCE, PIMPRI(BK)"
maharashtra,2075,"MAHATMA PHULE ARTS AND SCIENCE COLLEGE, PATUR PIMPRI CHINCHWAD EDUCATION TRUSTS S. B. PATIL INSTITUTE OF"
maharashtra,2076,MANAGEMENT DECCAN EDUCATION SOCIETY'S CHINTAMANRAO INSTITUTE OF
maharashtra,2077,MANAGEMENT DEVELOPMENT AND RESEARCH SANGLI SHRI GURU GOBIND SINGHJI INSTITUTE OF ENGINEERING AND
maharashtra,2078,"TECHNOLOGY, VISHNUPURI, NANDED PADMABHUSHAN VASANTDADA PATIL PRATISHTHAN'S COLLEGE OF"
maharashtra,2079,ENGINEERING
maharashtra,2080,SHEILA RAHEJA SCHOOL OF BUSINESS MANAGEMENT AND RESEARCH
maharashtra,2081,ATHARVA INSTITUTE OF MANAGEMENT STUDIES
maharashtra,2082,VIDYALANKAR INSTITUTE OF TECHNOLOGY
maharashtra,2083,ATHARVA COLLEGE OF HOTEL MANAGEMENT AND CATERING TECHNOLOGY
maharashtra,2084,SANMATI ENGINEERING COLLEGE SUDHAKARRAO NAIK ARTS AND UMASHANKAR KHETAN COMMERCE
maharashtra,2085,"COLLEGE, AKOLA PRIYADARSHINI LOKMANYA TILAK INSTITUTE OF MANAGEMENT STUDIES"
maharashtra,2086,RESEARCH
maharashtra,2087,JALNA COLLEGE OF SOCIAL WORK
maharashtra,2088,"ANJUMAN ISLAM JANJIRA DEGREE COLLEGE OF SCIENCE, MURUD JANJIRA"
maharashtra,2089,REAL INSTITUTE OF MANAGEMENT AND RESEARCH
maharashtra,2090,GURU NANAK INSTITUTE OF ENGINEERING AND TECHNOLOGY
maharashtra,2091,"DAGDOJIRAO DESHMUKH ARTS, COMMERCE AND SCIENCE COLLEGE R. C. PATEL EDUCATIONAL TRUST'S INSTITUTE OF MANAGEMENT RESEARCH"
maharashtra,2092,"AND DEVELOPMENT, SHIRPUR"
maharashtra,2093,"SARASWATI SANGEET KALA MAHAVIDYALAYA, LATUR"
maharashtra,2094,ASHOKA CENTER FOR BUSINESS AND COMPUTER STUDIES
maharashtra,2095,ALL INDIA SHRI SHIVAJI MEMORIAL SOCIETY'S INSTITUTE OF MANAGEMENT
maharashtra,2096,"SHRI SAIBABA LOK PRABODHAN ARTS COLLEGE, WADNER"
maharashtra,2097,RIZVI COLLEGE OF ENGINEERING
maharashtra,2098,INSTITUTE OF MANAGEMENT AND SCIENCE
maharashtra,2099,"SARHAD COLLEGE OF ARTS, COMMERCE SCIENCE"
maharashtra,2100,"KONKAN GYANPEETH COLLEGE OF ENGINEERING, KARJAT"
maharashtra,2101,GRAMODAYA TRUST'S RAJEEV BUSINESS SCHOOL
maharashtra,2102,Gargi Education Institute`s Gargi Agriculture Research and Training Institute INTERNATIONAL CENTRE OF EXCELLENCE IN ENGINEERING AND
maharashtra,2103,MANAGEMENT
maharashtra,2104,JSPM NARHE TECHNICAL CAMPUS
maharashtra,2105,M V MANDALI'S COLLEGES OF COMMERCE AND SCIENCE
maharashtra,2106,FINOLEX ACADEMY OF MANAGEMENT AND TECHNOLOGY
maharashtra,2107,HUTATMA JAYWANTRAO PATIL MAHAVIDYALAYA HIMAYATNAGAR
maharashtra,2108,ASIAN COLLEGE OF SCIENCE AND COMMERCE
maharashtra,2109,INTERNATIONAL INSTITUTE OF INFORMATION TECHNOLOGY
maharashtra,2110,JAYAWANTRAO SAWANT INSTITUTE OF MANAGEMENT AND RESEARCH
maharashtra,2111,"JAYAWANT INSTITUTE OF MANAGEMENT STUDIES G H RAISONI COLLEGE OF COMMERCE, SCIENCE AND TECHNOLOGY,"
maharashtra,2112,NAGPUR
maharashtra,2113,KAUTILYA INSTITUTE OF MANAGEMENT AND RESEARCH
maharashtra,2114,BALLARPUR INSTITUTE OF TECHNOLOGY
maharashtra,2115,"SAIBALAJI INTERNATIONAL INSTITUTE OF MANAGEMENT SCIENCES YASHWANTRAO CHAWHAN ARTS, COMMERCE AND SCIENCE COLLEGE,"
maharashtra,2116,LAKHANDUR
maharashtra,2117,"GREEN HEAVEN INSTITUTE OF MANAGEMENT AND RESEARCH,NAGPUR"
maharashtra,2118,G.K.S COLLEGE OF ARTS COMMERCE AND SCIENCE
maharashtra,2119,"PRIYADARSHINI INDIRA GANDHI COLLEGE OF ENGINEERING,NAGPUR"
maharashtra,2120,MARATHWADA MITRA MANDAL'S COLLEGE OF COMMERCE
maharashtra,2121,MUMBAI INSTITUTE OF MANAGEMENT & RESEARCH
maharashtra,2122,ASHOKA BUSINESS SCHOOL
maharashtra,2123,"GOVERNMENT COLLEGE OF ENGINEERING,AMRAVATI"
maharashtra,2124,"SANT TUKARAM COLLEGE OF ARTS AND SCIENCE, PARBHANI"
maharashtra,2125,S.N.G. INSTITUTE OF MANAGEMENT AND RESEARCH BHARAT SHIKSHAN PRASARAK MANDAL'S JAIKRANTI COLLEGE OF
maharashtra,2126,"COMPUTER SCIENCE AND MANAGEMENT STUDIES ,PUNE"
maharashtra,2127,NIRANJANA MAJITHIA COLLEGE OF COMMERCE HIRWAL EDUCATION TRUST'S COLLEGE OF COMPUTER SCIENCE AND
maharashtra,2128,INFORMATION TECHNOLOGY
maharashtra,2129,"BGPS' MUMBAI COLLEGE OF ARTS, COMMERCE AND SCIENCE"
maharashtra,2130,"GODAVARI INSTITUTE OF MANAGEMENT AND RESEARCH, JALGAON"
maharashtra,2131,"MATSYODARI SHIKSHAN SANSTHA'S ARTS COLLEGE, TIRTHPURI GURU GOBIND SINGH COLLEGE OF ENGINEERING AND RESEARCH CENTRE,"
maharashtra,2132,NASHIK
maharashtra,2133,"SHRI. KHASDAR GOVINDRAO ADIK LAW COLLEGE, SHRIRAMPUR. ST. VINCENT PALLOTTI COLLEGE OF ENGINEERING AND TECHNOLOGY,"
maharashtra,2134,NAGPUR
maharashtra,2135,"ANJUMAN-I-ISLAM'S KALSEKAR TECHNICAL CAMPUS MARATHA VIDYA PRASARAK SAMAJ'S COMMERCE, MANAGEMENT AND"
maharashtra,2136,COMPUTER SCIENCE (CMCS) COLLEGE
maharashtra,2137,THEEM COLLEGE OF ENGINEERING
maharashtra,2138,VIDYAVARDHINI'S COLLEGE OF ENGINEERING AND TECHNOLOGY SAU. LEENA KISHOR MAMIDWAR INSTITUTE OF MANAGEMENT STUDIES
maharashtra,2139,"AND RESEARCH , KOSARA, CHANDRAPUR"
maharashtra,2140,VPM'S DR.V.N.BEDEKAR INSTITUTE OF MANAGEMENT STUDIES
maharashtra,2141,SHRI CHAKRAPANI KALA MAHAVIDYALAYA
maharashtra,2142,PRAVARA CENTRE FOR MANAGEMENT RESEARCH AND DEVELOPMENT
maharashtra,2143,DR.C.V.RAMAN SCIENCE COLLEGE
maharashtra,2144,"MATUSHRI PUSHPABEN VINUBHAI VALIA COLLEGE OF COMMERCE SAMARTH RURAL EDUCATIONAL INSTITUTE'S, SAMARTH COLLEGE OF"
maharashtra,2145,"COMPUTER SCIENCE, BELHE, BANGARWADI, TAL JUNNAR, DIST PUNE. HOLY-WOOD ACADEMY KOLHAPUR'S, SANJEEVAN ENGINEERING AND"
maharashtra,2146,"TECHNOLOGY INSTITUTE, PANHALA"
maharashtra,2147,MANAV SCHOOL OF ENGINEERING AND TECHNOLOGY
maharashtra,2148,"LATE RAJENDRASINGH (BABA) VYAS ARTS AND COMM. COLLEGE, KONDHALI"
maharashtra,2149,XAVIER INSTITUTE OF ENGINEERING
maharashtra,2150,RAJARSHI SHAHU MAHAVIDYALAYA LATUR
maharashtra,2151,JAI HIND EDUCATIONAL TRUST'S ZULAL BHILAJIRAO PATIL COLLEGE
maharashtra,2152,COLLEGE OF HOME SCIENCE
maharashtra,2153,SINDHUDURG SHIKSHAN PRASARAK MANDALS COLLEGE OF ENGINEERING
maharashtra,2154,NETAJI SUBHASHCHANDRA SCIENCE COLLEGE SHRI SHIVAJI MARATHA SOCIETY'S INSTITUTE OF MANAGEMENT AND
maharashtra,2155,RESEARCH EXCELSSIOR EDUCATION SOCIETY'S K.C. COLLEGE OF ENGINEERING AND
maharashtra,2156,"MANAGEMENT STUDIES AND RESEARCH MULA EDUCATION SOCIETY'S ARTS, COMMERCE AND SCIENCE COLLEGE,"
maharashtra,2157,SONAI
maharashtra,2158,SANT GAJANAN MAHARAJ COLLEGE OF ENGINEERING
maharashtra,2159,FR. C. RODRIGUES INSTITUTE OF MANAGEMENT STUDIES
maharashtra,2160,PUROHIT COLLEGE OF HOME SCIENCE AND HOME SCIENCE TECHNOLOGY RASHTRIYA SHIKSHAN MANDAL'S CHETAN DATTAJI GAIKWAD INSTITUTE OF
maharashtra,2161,MANAGEMENT STUDIES ADV. VITTHALRAO BANPURKAR MEMORIAL ART'S AND COMMERCE
maharashtra,2162,"COLLEGE, MALEWADA ANEKANT EDUCATION SOCIETY'S ANEKANT INSTITUTE OF MANAGEMENT"
maharashtra,2163,"STUDIES, BARAMATI CAMP EDUCATION SOCIETY'S RASIKLAL M. DHARIWAL INSTITUTE OF"
maharashtra,2164,MANAGEMENT
maharashtra,2165,EVEREST EDUCATIONAL SOCIETY'S GROUP OF INSTITUTIONS
maharashtra,2166,INTERNATIONAL INSTITUTE OF MANAGEMENT SCIENCE
maharashtra,2167,PTVA'S INSTITUTE OF MANAGEMENT
maharashtra,2168,PRERNA COLLEGE OF COMMERCE KARMAVEER BHAURAO PATIL INSTITUTE OF MANAGEMENT STUDIES AND
maharashtra,2169,RESEARCH
maharashtra,2170,PRIYADARSHINI INSTITUTE OF ENGINEERING AND TECHNOLOGY.
maharashtra,2171,M. S. P. MANDAL'S DEOGIRI COLLEGE
maharashtra,2172,"LATE BABURAO PATIL ARTS & SCIENCE COLLEGE, HINGOLI"
maharashtra,2173,"RENAISSANCE INSTITUTE OF MANAGEMENT STUDIES MARATHA VIDYA PRASARAK SAMAJS ARTS AND COMMERCE COLLEGE,"
maharashtra,2174,"VADNER BHAIRAV SAHYOG PRATISHTHAN'S, SAHYOG COLLEGE OF MANAGEMENT STUDIES,"
maharashtra,2175,THANE
maharashtra,2176,"NAGPUR INSTITUTE OF TECHNOLOGY, NAGPUR"
maharashtra,2177,M.C.E.Society's Allana College of Architecture SHRI BHAIRAVNATH SHIKSHAN PRASARAK MANDAL'S ADHALRAO PATIL
maharashtra,2178,INSTITUTE OF MANAGEMENT AND RESEARCH
maharashtra,2179,SHRI TULJABHAVANI COLLEGE OF ENGINEERING
maharashtra,2180,INDIRA COLLEGE OF ENGINEERING AND MANAGEMENT
maharashtra,2181,DEVELOPMENT FOR WOMEN CHEMBUR TROMBAY EDUCATION SOCIETY'S N. G. ACHARYA AND D. K.
maharashtra,2182,"MARATHE COLLEGE OF ARTS, SCIENCE AND COMMERCE"
maharashtra,2183,"MADHUKARRAO PAWAR ARTS COLLEGE, MURTIZAPUR DIST AKOLA SMT. CHANDIBAI HIMATHMAL MANSUKHANI COLLEGE OF ARTS, SCIENCE"
maharashtra,2184,"AND COMMERCE DADASAHEB DHANAJI NANA CHOUDHARI SOCIAL WORK COLLEGE,"
maharashtra,2185,MALKAPUR DIST- BULDHANA.
maharashtra,2186,"GOVERNMENT INSTITUTE OF FORENSIC SCIENCE LEWA EDUCATION UNION'S DR. ANNASAHEB, G.D. BENDALE MAHILA"
maharashtra,2187,MAHVIDYALAYA
maharashtra,2188,"D B J COLLEGE PRIYADARSHINI INSTITUTE OF ARCHITECTURE AND DESIGN STUDIES,"
maharashtra,2189,NAGPUR
maharashtra,2190,PUNE VIDYARTHI GRIHA'S COLLEGE OF SCIENCE
maharashtra,2191,NIT GRADUATE SCHOOL OF MANAGEMENT SHRI VILE PARLE KELAVANI MANDAL'S DWARKADAS J. SANGHVI COLLEGE
maharashtra,2192,OF ENGINEERING
maharashtra,2193,PES' MODERN INSTITUTE OF BUSINESS MANAGEMENT ABHINAV EDUCATION SOCIETY'S COLLEGE OF COMPUTER SCIENCE AND
maharashtra,2194,MANAGEMENT
maharashtra,2195,"G S SCIENCE, ARTS AND COMMERCE COLLEGE, KHAMGAON"
maharashtra,2196,VPM'S MAHARSHI PARSHURAM COLLEGE OF ENGINEERING
maharashtra,2197,TULSIRAMJI GAIKWAD-PATIL COLLEGE OF ARCHITECTURE
maharashtra,2198,MATRIX SCHOOL OF MANAGEMENT STUDIES
maharashtra,2199,GOVINDRAO WANJARI COLLEGE OF ENGINEERING AND TECHNOLOGY
maharashtra,2200,INDIAN NAVAL SHIP HAMLA
maharashtra,2201,CHHATRAPATI SHAHU INSTITUTE OF BUSINESS EDUCATION AND RESEARCH
maharashtra,2202,"NARAYANRAO WAGHMARE MAHAVIDYALAYA, AKHADA BALAPUR."
maharashtra,2203,EDUCATION RESEARCH AND TRAINING
maharashtra,2204,"TAI GOLWALKAR MAHAVIDYALAY, RAMTEK, DIST. NAGPUR"
maharashtra,2205,KEWALRAMJI HARDE MAHAVIDYALAYA CHAMORSHI
maharashtra,2206,SIDDHANT COLLEGE OF MANAGEMENT STUDIES
maharashtra,2207,GNVS INSTITUTE OF MANAGEMENT
maharashtra,2208,CHINTAMANI MAHAVIDYALAYA POMBHURNA
maharashtra,2209,"MAHATMA GANDHI COLLEGE OF SCIENCE, GADCHANDUR"
maharashtra,2210,"BHAGWANT INSTITUTE OF TECHNOLOGY MARATHWADA INSTITUTE OF TECHNOLOGY, CIDCO, AURANGABAD,"
maharashtra,2211,MAHARASHTRA MATOSHRI COLLEGE OF MANAGEMENT AND RESEARCH
maharashtra,2212,"CENTRE,EKLAHARE,NASHIK. RAJGAD DNYANPEETH'S , SHRI CHHATRAPATI SHIVAJIRAJE COLLEGE OF"
maharashtra,2213,ENGINEERING
maharashtra,2214,"GOVERNMENT COLLEGE OF PHARMACY, AMRAVATI"
maharashtra,2215,SIDDHIVINAYAK TECHNICAL CAMPUS
maharashtra,2216,KAMLA NEHRU COLLEGE OF PHARMACY JAYAWANT SHIKSHAN PRASARAK MANDAL'S CHARAK COLLEGE OF
maharashtra,2217,PHARMACY AND RESEARCH
maharashtra,2218,JAYAWANTRAO SAWANT COLLEGE OF PHARMACY AND RESEARCH
maharashtra,2219,MET'S INSTITUTE OF PHARMACY
maharashtra,2220,ALARD COLLEGE OF PHARMACY KONKAN GYANPEETH RAHUL DHARKAR COLLEGE OF PHARMACY AND
maharashtra,2221,"RESEARCH INSTITUTE, KARJAT"
maharashtra,2222,"HON. SHRI.ANNASAHEB DANGE AYURVED MEDICAL COLLEGE,ASHTA,SANGLI VISHWANIKETAN INSTITUTE OF MANAGEMENT ENTREPRENEURSHIP AND"
maharashtra,2223,ENGINEERING TECHNOLOGY(IMEET) CENTRAL INSTITUTE OF BUSINESS MANAGEMENT RESEARCH AND
maharashtra,2224,"DEVELOPMENT, NAGPUR S. S. V. P SANTHA'S LATE S.D. PATIL ALIAS BABURAO DADA ARTS,"
maharashtra,2225,COMMERCE AND LATE BHAUSAHEB M.D. SISODE SCIENCE COLLEGE
maharashtra,2226,SHRI VASANTRAO NAIK ARTS AND AMARSINGH NAIK COMMERCE COLLEGE
maharashtra,2227,"CHINTAMANI COLLEGE OF SCIENCE, POMBHURNA PRAVARA RURAL EDUCATION SOCIETY'S ARTS, COMMERCE, SCIENCE AND"
maharashtra,2228,"COMPUTER SCIENCE COLLEGE, ASHWI KD. DR.(SOW.) INDIRABAI BHASKARRAO PATHAK MAHILA KALA"
maharashtra,2229,"MAHAVIDYALAYA, AURANGABAD"
maharashtra,2230,"ROYAL COLLEGE OF ARTS, SCIENCE AND COMMERCE"
maharashtra,2231,MATRU SEWA SANGH INSTITUTE OF SOCIAL WORK
maharashtra,2232,"THAKUR INSTITUTE OF MANAGEMENT STUDIES AND RESEARCH SHRI SWAMI VIVEKANAND SHIKSHAN SANSTHA, KOLHAPUR'S SHRI SANT"
maharashtra,2233,GADGEBABA MAHAVIDYALAYA MAHATMA PHULE SHIKSHAN SANSTHA'S KARMAVEER BHAURAO PATIL
maharashtra,2234,COLLEGE
maharashtra,2235,"SHRI SHIVAJI LAW COLLEGE, KANDHAR SMT. RADHIKATAI PANDAV COLLEGE OF ENGINEERING, BAHADURA NEAR"
maharashtra,2236,"DIGHORI NAKA, UMRER ROAD, NAGPUR"
maharashtra,2237,"VIDYA PRATISHTHAN'S ARTS, SCIENCE AND COMMERCE COLLEGE"
maharashtra,2238,"RAJE RAMRAO MAHAVIDYALAYA, JATH"
maharashtra,2239,PILLAI COLLEGE OF ENGINEERING
maharashtra,2240,NIGHT COLLEGE OF ARTS AND COMMERCE
maharashtra,2241,NUTAN VIDYALAYA SHIKSHAN SANSTHA'S NUTAN MAHAVIDYALAYA
maharashtra,2242,ST. PAUL COLLEGE
maharashtra,2243,JEEVAN REKHA PRATISTHAN'S MAHILA B. C. A. MAHAVIDYALAYA
maharashtra,2244,DON BOSCO COLLEGE
maharashtra,2245,FR. CONCEICAO RODRIGUES COLLEGE OF ENGINEERING
maharashtra,2246,METROPOLITAN INSTITUTE OF TECHNOLOGY AND MANAGEMENT LATE UDHAVRAO TULSHIRAM JADHAVAR FOUNDATIONS PRIN. DR.
maharashtra,2247,"SUDHAKRRAO JADHAVAR ARTS, COMMERCE AND SCIENCE COLLEGE"
maharashtra,2248,SHRIRAM INSTITUTE OF INFORMATION TECHNOLOGY SURYADATTA COLLEGE OF MANAGEMENT INFORMATION RESEARCH AND
maharashtra,2249,TECHNOLOGY
maharashtra,2250,B.P.H.E. SOCIETY'S AHMEDNAGAR COLLEGE AHMEDNAGAR
maharashtra,2251,"SMT. LAXMIBAI RADHAKISAN TOSHNIWAL COMMERCE COLLEGE, AKOLA CHANDMAL TARACHAND BORA COLLEGE OF ARTS, COMMERCE AND"
maharashtra,2252,SCIENCE
maharashtra,2253,INSTITUTE OF SCIENCE SINHGAD TECHNICAL EDUCATION SOCIETY'S SMT.KASHIBAI NAVALE
maharashtra,2254,COLLEGE OF COMMERCE
maharashtra,2255,ST FRANCIS DE SALES COLLEGE THE POONA GUJARATI KELVANI MANDAL'S HARIBHAI. V. DESAI COLLEGE OF
maharashtra,2256,"COMMERCE, ARTS & SCIENCE"
maharashtra,2257,"SHRI SHIV-SHAHU MAHAVIDYALAYA, SARUD"
maharashtra,2258,"NARAYANDAS SARWOTTAMDAS SOTI LAW COLLEGE,SANGLI"
maharashtra,2259,VEDANTA FOUNDATION'S VEDANTA COLLEGE
maharashtra,2260,"SARDAR PATEL COLLEGE OF ENGINEERING, ANDHERI WEST MUMBAI KHADKI EDUCATION SOCIETY'S TIKARAM JAGANNATH ARTS, COMMERCE"
maharashtra,2261,AND SCIENCE COLLEGE PRAVARA RURAL EDUCATION SOCIETY'S PRAVARA RURAL COLLEGE OF
maharashtra,2262,"PHARMACY, PRAVARANAGAR MVP SAMAJ'S SMT. VIMLABEN KHIMJI TEJOOKAYA ARTS, SCIENCE AND"
maharashtra,2263,COMMERCE COLLEGE DEOLALI CAMP.
maharashtra,2264,MARATHA VIDYA PRASARAK SAMAJ'S ARTS AND COMMERCE COLLEGE BHAIRAVNATH SHIKSHAN MANDAL'S BHAIRAVNATH VIDNYAN
maharashtra,2265,"MAHAVIDYALAYA, KHUTBAV MARATHA VIDYA PRASARAK SAMAJ'S KARMAVEER GANPAT DADA MORE"
maharashtra,2266,"ARTS, COMMERCE AND SCIENCE COLLEGE"
maharashtra,2267,SADABAI RAISONI WOMEN'S COLLEGE VILE PARLE MAHILA SANGH'S LIONS JUHU NANDLAL JALAN MAHILA
maharashtra,2268,MAHAVIDYALAYA
maharashtra,2269,LOKMANYA MAHAVIDYALAYA SONKHED
maharashtra,2270,K.C.E.S'S MOOLJIE JAITHA COLLEGE
maharashtra,2271,(PANDHARKAWADA)
maharashtra,2272,RAJIV GANDHI MAHAVIDYALAYA SADAK ARJUNI DISTT. GONDIA
maharashtra,2273,GOVINDRAM SEKSARIA COLLEGE OF COMMERCE
maharashtra,2274,"D.R.MANE MAHAVIDYALAYA, KAGAL"
maharashtra,2275,"BHARATI VIDYAPEETHS DR. PATANGRAO KADAM MAHAVIDYALAYA, SANGLI"
maharashtra,2276,"SMT. MATHUBAI GARWARE KANYA MAHAVIDYALAYA, SANGLI"
maharashtra,2277,"BHARATIYA JAIN SANGHATANA'S ARTS, SCIENCE AND COMMERCE COLLEGE"
maharashtra,2278,"DR. GHALI COLLEGE, GADHINGLAJ"
maharashtra,2279,AJARA MAHAVIDYALAYA AJARA
maharashtra,2280,H. J. THIM COLLEGE OF ARTS AND SCIENCE
maharashtra,2281,TAPI VALLEY EDUCATION SOCIETY'S DHANAJI NANA MAHAVIDYALAYA.
maharashtra,2282,"P.R. HIGH SCHOOL SOCIETY'S ARTS, COMMERCE AND SCIENCE COLLEGE"
maharashtra,2283,"MATOSHRI ANJANABAI MUNDAFALE COLLEGE OF SOCIAL WORK AND ARTS KCES'S POST GRADUATE COLLEGE OF SCIENCE, TECHNOLOGY AND"
maharashtra,2284,"RESEARCH, JALGAON"
maharashtra,2285,"SHRI VITTHAL RUKMINI ARTS, COMMERCE COLLEGE, SAWANA"
maharashtra,2286,"CHINTAMANI MAHAVIDYALAYA, GHUGUS"
maharashtra,2287,SEVA MANDAL EDUCATION SOCIETY'S COLLEGE OF NURSING
maharashtra,2288,AGNEL CHARITIES FR. C. RODRIGUES INSTITUTE OF TECHNOLOGY
maharashtra,2289,"GRAMGEETA MAHAVIDYALAYA, CHIMUR LATTHE EDUCATION SOCIETY'S GANPATRAO ARWADE COLLEGE OF"
maharashtra,2290,"COMMERCE, SANGLI JUNNAR TALUKA SHIVNER SHIKSHAN PRASARAK MANDAL'S SHRI SHIV CHHATRAPATI COLLEGE, BODKENAGAR,JUNNAR, DIST. PUNE,"
maharashtra,2291,MAHARASHTRA
maharashtra,2292,"Arts, Commerce and Science College"
maharashtra,2293,"ARTS AND COMMERCE COLLEGE, DAPODI, PUNE"
maharashtra,2294,INTERNATIONAL INSTITUTE OF MANAGEMENT STUDIES
maharashtra,2295,S M JOSHI COLLEGE HADAPSAR PUNE (MS)
maharashtra,2296,"SHRI SHIVAJI COLLEGE OF ARTS, COMMERCE AND SCIENCE THE BERAR GENERAL EDUCATION SOCIETY'S SHRI RADHAKISAN"
maharashtra,2297,"LAXMINARAYAN TOSHNIWAL COLLEGE OF SCIENCE, AKOLA M.V.P. SAMAJ'S KARMAVEER KAKASAHEB WAGH ARTS, SCIENCE AND"
maharashtra,2298,"COMMERCE COLLEGE, PIMPALGAON BASWANT TAL NIPHAD, DIST NASHIK NUTAN VIDYA PRASARAK MANDAL'S ARTS, COMMERCE AND SCIENCE"
maharashtra,2299,"COLLEGE DEOLA EDUCATION SOCIETY'S KARMAVEER RAMRAOJI AHER ARTS, SCIENCE"
maharashtra,2300,"AND COMMERCE COLLEGE DEOLA, DIST. NASHIK"
maharashtra,2301,"R.N.C. ARTS, J.D.B. COMMERCE AND N.S.C SCIENCE COLLEGE SNJB'S. SMT. K. B. ABAD HOMOEOPATHIC MEDICAL COLLEGE, SHRI. R. P. CHORDIYA HOSPITAL AND BHAMASHAH SHRI. V. D. MEHTA, DEV-VIJAY P. G. INSTITUTE OF HOMOEOPATHY AND RESEARCH CENTRE,CHANDWAD,"
maharashtra,2302,"DIST.NASHIK INDAPUR TALUKA SHIKSHAN PRASARAK MANDAL'S ARTS, SCIENCE AND"
maharashtra,2303,COMMERCE COLLEGE
maharashtra,2304,"G. H. RAISONI COLLEGE OF ARTS, COMMERCE AND SCIENCE"
maharashtra,2305,SMT. MANIBEN M. P. SHAH WOMEN'S COLLEGE OF ARTS AND COMMERCE
maharashtra,2306,ST. VINCENT COLLEGE OF COMMERCE
maharashtra,2307,HUTATMA RAJGURU MAHAVIDYALAYA
maharashtra,2308,SBB ALIAS APPASAHEB JEDHE ARTS COMMERCE AND SCIENCE COLLEGE
maharashtra,2309,"WAGHIRE COLLEGE OF ARTS, COMMERCE AND SCIENCE PUNE DISTRICT EDUCATION ASSOCIATION'S, MAMASAHEB MOHOL"
maharashtra,2310,"COLLEGE (ARTS, COMMERCE AND SCIENCE), PAUD ROAD, PUNE"
maharashtra,2311,"SHARDABAI PAWAR MAHILA ARTS, COMMERECE AND SCIENCE COLLEGE"
maharashtra,2312,SCIENCE COLLEGE AHMEDNAGAR JILHA MARATHA VIDYA PRASARAK SAMAJ'S NEW LAW
maharashtra,2313,"COLLEGE RAYAT SHIKSHAN SANSTHA'S RADHABAI KALE MAHILA MAHAVIDYALAYA,"
maharashtra,2314,AHMEDNAGAR RAYAT SHIKSHAN SANSTHA'S MAHARAJA JIVAJIRAO SHINDE
maharashtra,2315,"MAHAVIDYALAYA SHRIGONDA DIST-AHMEDNAGAR (MS) SHRI SHIVAJI SHIKSHAN PRASARAK MANDAL'S ARTS, SCIENCE AND"
maharashtra,2316,COMMERCE COLLEGE SHRI MARUTRAO GHULE PATIL SHIKSHAN SANSTHA'S JIJAMATA COLLEGE OF
maharashtra,2317,SCIENCE AND ARTS PRAVARA RURAL EDUCATION SOCIETY'S PADMASHRI VIKHE PATIL COLLEGE
maharashtra,2318,"ARTS, SCIENCE AND COMMERCE"
maharashtra,2319,MARATHWADA MITRA MANDAL'S COLLEGE OF ARCHITECTURE
maharashtra,2320,"PHULSING NAIK MAHAVIDYALAYA, PUSAD N. K. P. SALVE INSTITUTE OF MEDICAL SCIENCES AND RESEARCH CENTER"
maharashtra,2321,"AND LATA MANGESHKAR HOSPITAL, NAGPUR"
maharashtra,2322,"ARIHANT COLLEGE OF ARTS, COMMERCE AND SCIENCE, CAMP, PUNE"
maharashtra,2323,SMT.VATSALABAI NAIK MAHILA MAHAVIDYALAYA
maharashtra,2324,PRES'S COLLEGE OF PHARMACY (FOR WOMEN)
maharashtra,2325,ATHAVALE COLLEGE OF SOCIAL WORK CHIMUR SHRI GAJANAN MAHARAJ SHIKSHAN PRASARAK MANDAL'S
maharashtra,2326,SHARADCHANDRA PAWAR COLLEGE OF PHARMACY
maharashtra,2327,"DR. BABASAHEB AMBEDKAR COLLEGE OF ARTS, COMMERCE AND SCIENCE"
maharashtra,2328,SES L. S. RAHEJA COLLEGE OF ARTS AND COMMERCE
maharashtra,2329,SMT MANORAMABAI MUNDLE COLLEGE OF ARCHITECTURE
maharashtra,2330,SHRI CHHATRAPATI SHIVAJI MAHAVIDYALAYA MULA EDUCATION SOCIETY'S SHRI DNYANESHWAR MAHAVIDYALAYA
maharashtra,2331,NEWASA
maharashtra,2332,"RAJGAD INSTITUTE OF MANAGEMENT RESEARCH AND DEVELOPMENT SHRI SETH MURALIDHARJI MANSINGKA ARTS, SCIENCE AND COMMERCE"
maharashtra,2333,"COLLEGE PACHORA. DIST JALGAON RASHTRIYA SAHAKARI SHIKSHAN PRASARAK MANDAL LTD. SANSTHA'S NANASAHEB YASHAVANTRAO NARAYANRAO CHAVAN ART'S, SCIENCE AND"
maharashtra,2334,"COMMERCE COLLEGE CHALISGAON DIST. JALGAON CHALISGAON EDUCATION SOCIETY'S .B.P.ARTS, S.M.A SCIENCE AND K.K.C."
maharashtra,2335,COMMERCE COLLEGE
maharashtra,2336,VINAYAKRAO PATIL MAHAVIDYALAYA VAIJAPUR
maharashtra,2337,"Matsyodari Shikshan Sanstha's Ankushrao Tope College Jalna JALNA EDUCATION SOCIETY'S,R.G.BAGDIA ARTS,S.B.LAKHOTIA COMMERCE"
maharashtra,2338,"R.BEZONJI SCIENCE COLLEGE,JALNA."
maharashtra,2339,"MSP MANDAL'S SHRI SHIVAJI COLLEGE, PARBHANI SMRK ARTS, FINE ARTS,BK COMMERCE AND AK HOME SCIENCE MAHILA"
maharashtra,2340,MAHAVIDYALAYA NASHIK
maharashtra,2341,"HPT ARTS AND RYK SCIENCE COLLEGE MARATHA VIDYA PRASARAK SAMAJ'S KARMAVEER PUNJABABA GOVERDHANE ARTS, COMMERCE AND SCIENCE COLLEGE, NEAR TAKE-"
maharashtra,2342,"GHOTI, MUMBAI-AGRA ROAD, IGATPURI, TAL.- IGATPURI, DIST.- NASHIK,"
maharashtra,2343,"KALWAN EDUCATION SOCIETY'S ARTS, COMMERCE AND SCIENCE COLLEGE SHRI NEMINATH JAIN BRAHMACHARYASHRAM (JAIN GURUKULS), KARMVEER KESHAVLALJI HARAKCHANDJI ABAD ARTS, SHRIMAN MOTILALJI GIRIDHARILALJI LODHA COMMMERCE AND SHRIMAN P.H. JAIN SCIENCE"
maharashtra,2344,COLLEGE
maharashtra,2345,GHANSHYAMDAS SARAF COLLEGE OF ARTS AND COMMERCE PARLE TILAK VIDYALAYA ASSOCIATION'S M.L.DAHANUKAR COLLEGE OF
maharashtra,2346,COMMERCE
maharashtra,2347,"ARTS AND COMMERCE COLLEGE, BORI ARAB"
maharashtra,2348,"COLLEGE, BAWADA The Poona Diocesan Educational Society Vidya Bhavan College of"
maharashtra,2349,"Commerce,"
maharashtra,2350,"NARAYANRAO NAGARE ARTS COLLEGE, DUSARBID EKMEKA SAHAYA KARU/AWAGHE DHARU SUPANTH AMBEGAON TALUKA"
maharashtra,2351,"VIDYA VIKAS MANDAL,S B.D KALE MAHAVIDYALAYA"
maharashtra,2352,JIJAMATA ARTS COLLEGE
maharashtra,2353,CHINTAMANI COLLEGE OF ARTS AND SCIENCE GONDPIPRI
maharashtra,2354,ACHARYA ATRE DEVELOPMENT TRUST COLLEGE OF ARTS
maharashtra,2355,"INDRAYANI VIDYA MANDIR'S INDRAYANI MAHAVIDYALAYA PROGRESSIVE EDUCATION SOCIETY'S MODERN COLLEGE OF ARTS, SCIENCE"
maharashtra,2356,"AND COMMERCE DNYANESHWAR GRAMONNATI MANDAL'S HON. BALASAHEB JADHAV ARTS,"
maharashtra,2357,COMMERCE & SCIENCE COLLEGE SHRI CHHATRAPATI SHIKSHAN AND AROGYA PRASARAK MANDAL'S SHRI
maharashtra,2358,"SANT GAJANAN MAHAVIDYALAYA, KHARDA"
maharashtra,2359,SHRI SHIVAJI SCIENCE AND ARTS COLLEGE CHIKHLI
maharashtra,2360,"M.E.S. ARTS AND COMMERCE COLLEGE,MEHKAR KATRUWAR ARTS, RATANLAL KABRA SCIENCE AND B. R. MANTRI"
maharashtra,2361,COMMERCE COLLEGE
maharashtra,2362,"LATE SOW. KAMALTAI JAMKAR MAHILA MAHAVIDYALAYA, PARBHANI YOGESHWARI EDUCATION SOCIETY'S SWAMI RAMANAND TEERTH"
maharashtra,2363,MAHAVIDYALAYA
maharashtra,2364,"ARTS, SCIENCE AND COMMERCE COLLEGE, RAMANANDNAGAR (BURLI) PADMABHUSHAN DR. VASANTRAODADA PATIL MAHAVIDYALAYA,"
maharashtra,2365,"TASGAON, DIST.SANGLI MH KASEGOAN EDUCATION SOCIETY'S SMT. KUSUMTAI RAJARAMBAPU PATIL"
maharashtra,2366,KANYA MAHAVIDYALAYA
maharashtra,2367,"VSPM'S DENTAL COLLEGE AND RESEARCH CENTER,NAGPUR"
maharashtra,2368,RAMGONDA PATIL KANYA MAHAVIDYALAYA
maharashtra,2369,SADASHIVRAO MANDLIK MAHAVIDYALAYA AHMEDNAGAR JILHA MARATHA VIDYA PRASARAK SAMAJ'S SHRI
maharashtra,2370,"MULIKADEVI MAHAVIDYALAYA, NIGHOJ"
maharashtra,2371,JAYSINGPUR COLLEGE JAYSINGPUR
maharashtra,2372,"ARTS, COMMERECE AND SCIENCE COLLEGE, PALUS"
maharashtra,2373,"RADHANAGARI MAHAVIDYALAYA, RADHANAGARI AINPUR PARISAR SHIKSHAN PRASARAK MANDAL'S SARDAR VALLABHABHAI"
maharashtra,2374,PATEL ARTS AND SCIENCE COLLEGE
maharashtra,2375,KOHINOOR BUSINESS SCHOOL SHRI SARASWATI VIDYA PRASARAK MANDAL'S SMT.PADAMBAI
maharashtra,2376,KAPURCHANDJI KOTECHA MAHILA MAHAVIDYALAYA SHIVSAGAR SEVABHAVI SHIKSHAN PRASARAK MANDAL AURANGABAD'S
maharashtra,2377,"KALA MAHAVIDYALAYA MAHATMA GANDHI SHIKSHAN MANDAL'S ARTS, SCIENCE AND COMMERCE"
maharashtra,2378,COLLEGE CHOPDA DIST. JALGAON
maharashtra,2379,"MIT ARTS, COMMERCE AND SCIENCE COLLEGE"
maharashtra,2380,"MUNGASAJI MAHARAJ MAHAVIDYALAYA, DARWHA DISTRICT- YAVATMAL SILLOD SHIKSHAN SANSTHA AURANGABAD SIDDHARTH ARTS, COMMERCE"
maharashtra,2381,"AND SCIENCE COLLEGE VIVEKANAND ARTS, SARDAR DALIPSINGH COMMERCE AND SCIENCE"
maharashtra,2382,"COLLEGE, AURANGABAD MARATHWADA SHIKSHAN PRASARAK MANDAL'S R. B. ATTAL ARTS, SCIENCE"
maharashtra,2383,AND COMMERCE COLLEGE
maharashtra,2384,"Baburaoji Adaskar Mahavidyalaya, Kaij"
maharashtra,2385,ADITYA INSTITUTE OF MANAGEMENT STUDIES AND RESEARCH NAVGAN SHIKSHAN SANSTHA RAJURI (N) MRS. KESHARBAI SONAJIRAO
maharashtra,2386,"KSHIRSAGAR ALIAS KAKU ARTS, SCIENCE AND COMMERCE COLLEGE"
maharashtra,2387,ECONOMICS
maharashtra,2388,ARTS AND SCIENCE COLLEGE KAMARGAON S.I.W.S. N.R. Swamy College of Commerce and Economics and Smt.
maharashtra,2389,Thirumalai College of Science
maharashtra,2390,DAYANAND EDUCATION SOCIETY'S DAYANAND SCIENCE COLLEGE
maharashtra,2391,"PEOPLE'S COLLEGE, NANDED"
maharashtra,2392,"Digambrao Bindu Arts, Commerce and Science College Bhokar, DIst. Nanded"
maharashtra,2393,NEVJABAI HITKARINI COLLEGE BRAMHAPURI
maharashtra,2394,"SHIVPRASAD SADANAND JAISWAL COLLEGE, ARJUNI MORGAON"
maharashtra,2395,"CHANDRAROOP DAKLE JAIN COLLEGE OF COMMERCE S.B.V.P.SAMAJ'S, SAHAKAR MAHARSHI BHAUSAHEB SANTUJI THORAT"
maharashtra,2396,"COLLEGE OF ARTS, SCIENCE AND COMMERCE, SANGAMNER"
maharashtra,2397,RAYAT SHIKSHAN SANSTHA'S R.B. NARAYANRAO BORAWAKE COLLEGE
maharashtra,2398,"ARMY INSTITUTE OF TECHNOLOGY, DIGHI, PUNE Lonavala Education Trust's Dr. B.N. Purandare Arts, Smt. S.G. Gupta Commerce and Smt. Shardaben Amrutlal Mithaiwala Science College,"
maharashtra,2399,"Valvan, Lonavala, Tal. Maval, Dist. Pune M.C.E. SOCIETY'S ABEDA INAMDAR SENIOR COLLEGE OF ARTS, SCIENCE AND"
maharashtra,2400,COMMERCE
maharashtra,2401,MATOSHRI COLLEGE OF PHARMACY
maharashtra,2402,"ASHWINI RURAL MEDICAL COLLEGE, HOSPITAL AND RESEARCH CENTRE SHRI SHIVAJI EDUCATION SOCIETY, AMRAVATI'S SHRI R.R. LAHOTI SCIENCE"
maharashtra,2403,COLLEGE
maharashtra,2404,ANNASAHEB MAGAR MAHAVIDYALAYA PUNE DISTRICT EDUCATION ASSOCIATION'S PROF. RAMKRISHNA MORE
maharashtra,2405,"ARTS, COMMERCE AND SCIENCE COLLEGE"
maharashtra,2406,POONA DISTRICT EDUCATION ASSOCIATION'S BABURAOJI GHOLAP COLLEGE
maharashtra,2407,"COLLEGE KRANTIVEER VASANTRAO NARAYANRAO NAIK SHIKSHAN PRASARAK SANSTHA,S ARTS, COMMERCE AND SCIENCE COLLEGE, CANADA CORNER,"
maharashtra,2408,"NASHIK MARATHA VIDYA PRASARAK SAMAJ'S ARTS, COMMERCE AND SCIENCE"
maharashtra,2409,"COLLEGE, TRYAMBAKESHWAR"
maharashtra,2410,"GOKHALE EDUCATION SOCIETY'S N B THAKUR LAW COLLEGE, NASHIK. NASHIK SHIKSHAN PRASARAK MANDAL'S ARTS AND COMMERCE MAHILA"
maharashtra,2411,MAHAVIDYALAYA
maharashtra,2412,"DOODHSAKHAR MAHAVIDYALAYA, BIDRI"
maharashtra,2413,"BHOGAWATI MAHAVIDYALAYA, KURUKALI"
maharashtra,2414,DEVCHAND COLLEGE
maharashtra,2415,SHRI RAOSAHEB RAMRAO PATIL MAHAVIDYALAYA
maharashtra,2416,"KRANTIAGRANI DR. G. D. BAPU LAD MAHAVIDYALAYA, KUNDAL SHRI SWAMI VIVEKANAND SHIKSHAN SANSTHA, KOLHAPUR'S,LAL BAHADUR"
maharashtra,2417,"SHASTRI COLLEGE OF ARTS, SCIENCE COMMERCE"
maharashtra,2418,"JANATA SHIKSHAN SANSTHA'S KISAN VEER MAHAVIDYALAYA, WAI SAHAJEEVAN SHIKSHAN SANSTHA'S SHRIMATI INDIRA MAHADEV BEHARAY COLLEGE OF ARTS SHRIMAN CHANDULAL SHETH COLLEGE OF COMMERCE"
maharashtra,2419,AND SHRIMATI SHOBHANATAI CHANDULAL SHETH COLLEGE OF SCIENCE KARACHI MAHARASHTRIYA SHIKSHAN PRASARAK MANDAL'S SANT RAWOOL
maharashtra,2420,"MAHARAJ MAHAVIDYALAYA VIDYAVARDHINI'S ANNASAHEB VARTAK COLLEGE OF ARTS,KEDARNATH MALHOTRA COLLEGE OF COMMERCE AND E.S.ANDRADES COLLEGE OF"
maharashtra,2421,SCIENCE SHIKSHAK SANCHALIT SHIKSHAN SANSTHA'S DR. SHANTILAL DHANJI DEVSEY
maharashtra,2422,"ARTS COLLEGE AND COMMERCE AND SCIENCE COLLEGE, WADA"
maharashtra,2423,"ARTS AND COMMERCE COLLEGE, ASHTA"
maharashtra,2424,"Yashwantrao Chavan Mahavidyalaya, Urun-Islampur"
maharashtra,2425,SCIENCES
maharashtra,2426,"DHOTE BANDHU SCIENCE COLLEGE, GONDIA"
maharashtra,2427,"NATWARLAL MANIKLAL DALAL COLLEGE OF ARTS AND COMMERCE SATISH PRADHAN DNYANASADHANA COLLEGE,THANE (ARTS, SCIENCE AND"
maharashtra,2428,COMMERCE)
maharashtra,2429,MANIKCHAND PAHADE LAW COLLEGE
maharashtra,2430,SMT KASHIBAI NAVALE MEDICAL COLLEGE AND GENERAL HOSPITAL
maharashtra,2431,"A. V. EDUCATION SOCIETY'S DEGLOOR COLLEGE, DEGLOOR"
maharashtra,2432,MAHAVIDYALAYA CHINCHANI TARAPUR EDUCATION SOCIETY'S SHRI PURSHOTTAMDAS
maharashtra,2433,LALDAS SHROFF COLLEGE OF ARTS AND COMMERCE
maharashtra,2434,JOG EDUCATIONAL TRUST'S P.JOG COLLEGE OF SCIENCE AND COMMERCE BHUJAN HITAY JAGAT SHIKSHAN SANSTHAS GONDIA JAGAT ARTS COMMERCE AND INDIRABEN HARIHARBHAI PATEL SCIENCE COLLGE
maharashtra,2435,GOREGAON DISTT-GONDIA
maharashtra,2436,HI TECH COLLEGE OF PHARMACY CHANDRAPUR GONDIA EDUCATION SOCIETY'S CHHOTABHAI JAVERBHAI PATEL ARTS AND
maharashtra,2437,"COMMERCE COLLEGE TIRORA, DIST. GONDIA V. K. KRISHNA MENON COLLEGE OF COMMERCE AND ECONOMICS AND"
maharashtra,2438,SHARAD SHANKAR DIGHE COLLEGE OF SCIENCE GOKHALE EDUCATION SOCIETYS N B MEHTA VALWADA SCIENCE COLLEGE
maharashtra,2439,BORDI
maharashtra,2440,"Rajiv Gandhi Arts, Commerce and Science College, Karmad DR. VASANTRAO PAWAR MEDICAL COLLEGE, HOSPITAL AND RESEARCH"
maharashtra,2441,"CENTRE, NASHIK"
maharashtra,2442,PRIYADARSHINI MAHILA MAHAVIDYALAYA
maharashtra,2443,AMAR SHAHEED HEMU KALANI YADGAR MANDAL'S
maharashtra,2444,ACHIEVERS COLLEGE OF COMMERCE & MANAGEMENT NIGHT COLLEGE
maharashtra,2445,B. M. RUIA GIRLS' COLLEGE
maharashtra,2446,"INDRARAJ ARTS, COMMERCE AND SCIENCE COLLEGE"
maharashtra,2447,"SATISH MISAL EDUCATIONAL FOUNDATIONS BRICK SCHOOL OF AR ANJUMAN ISHAT E TALEEM BEEDS MILLIYA ARTS, SCIENCE AND"
maharashtra,2448,MANAGEMENT SCIENCE COLLEGE BEED
maharashtra,2449,CHISHTIYA COLLEGE OF ARTS
maharashtra,2450,"SUWALAL PATNI ARTS AND COMMERCE COLLEGE, PULGAON SHRI GANESH EDUCATION SOCEITY'S SHRI ASARAMJI BHANDWALDAR ARTS,"
maharashtra,2451,COMMERCE AND SCIENCE COLLEGE KARMAVEER KAKASAHEB WAGH EDUCATION SOCIETY'S KARMAVEER KAKASAHEB WAGH ARTS COMMERCE SCIENCE AND COMPUTER SCIENCE
maharashtra,2452,COLLEGE NASHIK
maharashtra,2453,"SHIVAJI ARTS, COMMERCE AND SCIENCE COLLEGE, KANNAD."
maharashtra,2454,"SHRI NIKETAN ARTS COMMERCE COLLEGE, NAGPUR"
maharashtra,2455,DURGADEVI SARAF INSTITUTE OF MANAGEMENT STUDIES
maharashtra,2456,F.E.S.GIRLS' COLLEGE
maharashtra,2457,"BR. BALASAHEB KHARDEKAR COLLEGE, VENGURLA Krishnarao Sitaram Desai Shikshan Mandal's S. K. Patil Sindhudurg"
maharashtra,2458,"Mahavidyalaya, Malvan, Dist. Sindhudurg AHMEDNAGAR JILHA MARATHA VIDYA PRASARAK SAMAJ'S JANATA ARTS"
maharashtra,2459,"AND SCIENCE COLLEGE, RUI-CHHATISHI, AHMEDNAGAR NEMGONDA DADA PATIL NIGHT COLLEGE OF ARTS AND COMMERCE,"
maharashtra,2460,SANGLI KISAN VIDYA PRASARAK SANSTHA'S INSTITUTE OF PHARMACEUTICAL
maharashtra,2461,EDUCATION BORADI RAYAT SHIKSHAN SANSTHA'S CHANDRABAI- SHANTAPPA SHENDURE
maharashtra,2462,COLLEGE LATTHE EDUCATION SOCIETY'S SMT. GANGABAI KHIVARAJ GHODAWAT
maharashtra,2463,"KANYA MAHAVIDYALAYA, JAYSINGPUR SOUTH INDIAN CHILDREN'S EDUCATION SOCIETY'S DEGREE COLLEGE OF"
maharashtra,2464,"ARTS, SCIENCE AND COMMERCE, CHIKLOLI, AMBERNATH (W) RAYAT SHIKSHAN SANSTA'S SOU. MANGALTAI RAMCHANDRA JAGATAP"
maharashtra,2465,MAHILA MAHAVIDYALAYA
maharashtra,2466,"GAUTAMNAGAR RAMRAO ZANAK ARTS AND COMMERCE COLLEGE MALEGAON, DIST."
maharashtra,2467,WASHIM BUNTS SANGHA MUMBAIS ANNA LEELA COLLEGE OF COMMERCE AND
maharashtra,2468,ECONOMICS AND SHOBHA JAYARAM SHETTY COLLEGE FOR BMS
maharashtra,2469,SHIKSHAN MANDAL'S MAHILA MAHAVIDYALAYA
maharashtra,2470,SHAH AND ANCHOR KUTCHHI ENGINEERING COLLEGE
maharashtra,2471,"VENUTAI CHAVAN COLLEGE, KARAD SATARA MARATHA VIDYA PRASARAK SAMAJ'S ARTS AND COMMERCE"
maharashtra,2472,COLLEGE SATARA
maharashtra,2473,"ARTS AND COMMERCE COLLEGE PUSEGAON RAYAT SHIKSHAN SANSTHA'S, SHRIPATRAO KADAM MAHAVIDYALAYA,"
maharashtra,2474,"SHIRWAL TAL- KHANDALA, DIST. SATARA (MAHARASHTRA) AHMEDNAGAR JILHA MARATHA VIDYA PRASARAK SAMAJS RAJARSHI SHAHU"
maharashtra,2475,MAHAVIDYALAYA
maharashtra,2476,BURHANI COLLEGE OF COMMERCE AND ARTS SAHYADRI SHIKSAN SEVA MANDAL'S ARTS AND COMMERCE COLLEGE
maharashtra,2477,JUCHANDRA
maharashtra,2478,SARASWATI MAHAVIDYALAYA KAIJ SHREEMATI NATHIBAI DAMODAR THACKERSEY ARTS AND COMMERCE
maharashtra,2479,"COLLEGE FOR WOMEN, PUNE- SANT GAJANAN MAHARAJ COLLEGE OF PHARMACY, CHINCHEWADI,"
maharashtra,2480,MAHAGAON
maharashtra,2481,KAI BHAGUBAI PINGLE ARTS AND COMMERCE NIGHT COLLEGE BHARATIYA VIDYA BHAVAN'S HAZARIMAL SOMANI COLLEGE OF ARTS AND SCIENCE AND JAYARAMDAS PATEL COLLEGE OF COMMERCE AND
maharashtra,2482,MANAGEMENT STUDIES
maharashtra,2483,DESHBHAKT HARINARAYAN BANKATLAL SONI COLLEGE SOLAPUR
maharashtra,2484,"MARATHA VIDYA PRASARAK SAMAJ'S COLLEGE OF ARCHITECTURE, NASHIK"
maharashtra,2485,"HOSPITAL, AHMEDNAGAR MAHATMA FULE ARTS, COMMERCE AND SITARAMJI CHAUDHARI SCIENCE"
maharashtra,2486,MAHAVIDYALAYA MARATHA MANDIR'S BABASAHEB GAWDE INSTITUTE OF MANAGEMENT
maharashtra,2487,"STUDIES MAHATMA GANDHI ARTS, SCIENCE AND LATE NASARUDDHINBHAI"
maharashtra,2488,PANJWANI COMMERCE COLLEGE
maharashtra,2489,SHIVJAGRUTI SENIOR COLLEGE
maharashtra,2490,"SHIVAJI MAHAVIDYALAYA GADCHIROLI AHMEDNAGAR JILHA MARATHA VIDYA PRASARAK SAMAJ'S, INSTITUTE OF"
maharashtra,2491,"HOTEL MANAGEMENT AND CATERING TECHNOLOGY, AHMEDNAGAR SHAILENDRA EDUCATION SOCIETY'S ARTS, COMMERCE AND SCIENCE"
maharashtra,2492,COLLEGE
maharashtra,2493,VIVEK COLLEGE OF COMMERCE
maharashtra,2494,"MAHILA MAHAVIDYALAYA,JOG CHOWK,AMRAVATI."
maharashtra,2495,MANOHARBHAI PATEL INSTITUTE OF ENGINEERING AND TECHNOLOGY
maharashtra,2496,"SHANKARRAO CHAVAN MAHAVIDYALAYA, ARDHAPUR, DIST. NANDED"
maharashtra,2497,"VISHWALATA ARTS, COMMERCE AND SCIENCE COLLEGE, BHATGAON"
maharashtra,2498,"RAJIV GANDHI MAHAVIDYALAYA,MUDKHED,DIST. NANDED"
maharashtra,2499,NAVJEEVAN INSTITUTE OF MANAGEMENT
maharashtra,2500,NILKANTHRAO SHINDE SCIENCE AND ARTS COLLEGE
maharashtra,2501,NCRD'S STERLING INSTITUTE OF MANAGEMENT STUDIES
maharashtra,2502,YASHWANTRAO BHONSALE COLLEGE OF PHARMACY
maharashtra,2503,"SAVITRI JYOTIRAO SOCIAL WORK COLLEGE, YAVATMAL MAHARASHTRA"
maharashtra,2504,"Smt. Radhabai Sarda Arts, Commerce and Science College, Anjangaon Surji"
maharashtra,2505,BHAGWANTRAO SHIVAJI PATIL MAHAVIDYALAYA
maharashtra,2506,"RAJGAD DNYANPEETH'S COLLEGE OF PHARMACY, BHOR S.S.V.P.S'S. SHRIMATI PARVATIBAI BAJIRAO BAGAL ARTS AND COMMERCE"
maharashtra,2507,"COLLEGE, DONDAICHA, TAL. SHINDKHEDA, DIST. DHULE SHRI DADASAHEB GAWAI CHARITABLE TRUST, AMRAVATI'S TAKSHASHILA"
maharashtra,2508,"MAHAVIDYALAYA,"
maharashtra,2509,RAMKRUSHNA MAHAVIDYALAYA JAWAHAR MEDICAL FOUNDATIONS' ANNASAHEB CHUDAMAN PATIL
maharashtra,2510,"MEMORIAL MEDICAL COLLEGE, DHULE"
maharashtra,2511,"SMT. KESHARBAI LAHOTI MAHAVIDYALAYA, AMRAVATI."
maharashtra,2512,"PADMASHRI MANIBHAI DESAI MAHAVIDYALAY Late Chhaganlal Muljibhai Kadhi Kala Mahavidyalaya, Achalpur Camp, Dist."
maharashtra,2513,Amravati LATE NARAYANRAO AMRUTRAO DESHMUKH ARTS AND COMMERCE
maharashtra,2514,"COLLEGE, CHANDUR BAZAR DISTT. AMRAVATI, MAHARASHTRA"
maharashtra,2515,"D.B.F. DAYANAND COLLEGE OF ARTS AND SCIENCE, SOLAPUR GENBA SOPANRAO MOZE TRUST'S ARTS, COMMERCE AND SCIENCE (BCS)"
maharashtra,2516,COLLEGE
maharashtra,2517,LAXMIBAI BHAURAO PATIL MAHILA MAHAVIDYALAYA SHREE SWARAJ EDUCATION SOCIETY'S SWARAJ COLLEGE OF COMMERCE
maharashtra,2518,AND COMPUTER STUDIES
maharashtra,2519,"GOVERNMENT COLLEGE OF PHARMACY, KARAD"
maharashtra,2520,BHAGAWAN BABA ARTS AND COMMERCE COLLEGE
maharashtra,2521,RAMKRISHNA PARAMHANSA MAHAVIDYALAYA
maharashtra,2522,"LATE NITIN COLLEGE, PATHRI TQ. PATHRI DIST- PARBHANI"
maharashtra,2523,SHRI CHHATRAPATI SHIVAJI COLLEGE OMERGA
maharashtra,2524,PEOPLES EMPOWERMENT GROUP ISB AND M COLLEGE OF COMMERCE SMT. SURAJDEVI RAMCHAND MOHATA MAHILA
maharashtra,2525,"MAHAVIDYALAYA,KHAMGAON SHRI GAJANAN MAHARAJ SHIKSHAN PRASARAK MANDALS"
maharashtra,2526,"SHARADCHANDRA PAWAR INSTITUTE OF MANAGEMENT DAYANAND EDUCATION SOCIETY'S DAYANAND COLLEGE OF COMMERCE,"
maharashtra,2527,LATUR
maharashtra,2528,LATE SOW SHESHABAI SITARAM MUNDHE ARTS COLLEGE GANGAKHED
maharashtra,2529,GOVINDRAO NIKAM COLLEGE OF PHARMACY DNYANVARDHINI SHIKSHAN SANSTHA'S GLOBAL INSTITUTE OF
maharashtra,2530,MANAGEMENT
maharashtra,2531,SITABAI NARGUNDKAR COLLEGE OF NURSING FOR WOMEN
maharashtra,2532,VIVEKANAND EDUCATION SOCIETY'S COLLEGE OF PHARMACY
maharashtra,2533,"VPM'S RAMNIKLAL Z. SHAH COLLEGE OF ARTS, SCIENCE AND COMMERCE ARIHANT EDUCATION FOUNDATION'S ARIHANT COLLEGE OF ARTS,"
maharashtra,2534,"COMMERCE AND SCIENCE, BAVDHAN BK., PUNE BHARTIYA RASHTRIYA SHIKSHAN SANSTHA'S SHANKARRAO JAWALE PATIL"
maharashtra,2535,"ARTS, SCIENCE AND COMMERCE COLLEGE, LOHARA"
maharashtra,2536,"SHRI ANAND COLLEGE PATHARDI, DIST. AHMEDNAGAR, MS, INDIA MARATHA VIDYA PRASARAK SAMAJ'S ARTS AND COMMERCE COLLEGE,"
maharashtra,2537,KHEDGAON
maharashtra,2538,"VIDARBHA MAHAVIDYALAYA, BULDHANA (ARTS AND COMMERCE)"
maharashtra,2539,ARIHANT INSTITUTE OF BUSINESS MANAGEMENT Maharshi Karve Stree Shikshan Samstha's College of Computer Application
maharashtra,2540,for Women
maharashtra,2541,LAXMINARAYAN INSTITUTE OF TECHNOLOGY
maharashtra,2542,"ARTS, COMMERCE AND SCIENCE COLLEGE, BODWAD."
maharashtra,2543,"COLLEGE OF ENGINEERING PUNE SAMAJBHUSHAN GANPATRAO KALBHOR ARTS, COMMERCE AND SCIENCE"
maharashtra,2544,COLLEGE
maharashtra,2545,VIVEKANAND EDUCATION SOCIETY'S INSTITUTE OF TECHNOLOGY
maharashtra,2546,"THADOMAL SHAHANI ENGINEERING COLLEGE MARATHA VIDYA PRASARAK SAMAJ'S ARTS AND COMMERCE COLLEGE,"
maharashtra,2547,MAKHAMALABAD
maharashtra,2548,TAYWADE COLLEGE OF PHARMACY
maharashtra,2549,LATE GOVINDRAO WANJARI COLLEGE OF LAW
maharashtra,2550,VIVEKANAND SCIENCE COLLEGE
maharashtra,2551,NAGPUR
maharashtra,2552,KTSP MANDALS KMC COLLEGE KHOPOLI
maharashtra,2553,"ST. FRANCIS INSTITUTE OF TECHNOLOGY (ENGINEERING COLLEGE) SHIVAI SHIKSHAN PRASARAK MANDAL'S SUNDARRAO MORE ARTS,"
maharashtra,2554,"COMMERCE AND SCIENCE COLLEGE POLADPUR JANATA SHIKSHAN MANDAL'S SMT. INDIRABAI G.KULKARNI ARTS COLLEGE, J.B.SAWANT SCIENCE COLLEGE AND SAU.JANAKIBAI DHONDO KUNTE"
maharashtra,2555,"COMMERCE COLLEGE PIMPRI CHINCHWAD EDUCATION TRUST, S. B. PATIL COLLEGE OF"
maharashtra,2556,"ARCHITECTURE AND DESIGN LATE BABASAHEB DESHMUKH GORTHEKAR ARTS, COMMERCE AND SCIENCE"
maharashtra,2557,MAHAVIDYALAYA
maharashtra,2558,"KAI. BAPUSAHEB PATIL EKAMBEKAR MAHAVIDYALAYA, UDGIR VIDYA VIKAS MANDAL'S SITARAM GOVIND PATIL ARTS, SCIENCE AND"
maharashtra,2559,"COMMERCE COLLEGE, SAKRI (DIST-DHULE)"
maharashtra,2560,"SHRIRAM KALA MAHILA MAHAVIDYALAYA,DHAMANGAON RLY"
maharashtra,2561,"S.P.D.M. ARTS, S.B.B. AND S.H.D. COMMERCE AND S.M.A. SCIENCE COLLEGE CHHATRAPATI SHAHU MAHARAJ SHIKSHAN SANSTHA'S DENTAL COLLEGE"
maharashtra,2562,"AND HOSPITAL, KANCHANWADI , PAITHAN ROAD, AURANGABAD."
maharashtra,2563,"JEEVAN VIKAS MAHAVIDYALAYA,SHIVOOR"
maharashtra,2564,"PHALTAN EDUCATION SOCIETY MUDHOJI COLLEGE DANG SEVA MANDAL'S ARTS AND COMMERCE COLLEGE, UMBARTHAN, TAL.-"
maharashtra,2565,"SURGANA, DIST.- NASHIK"
maharashtra,2566,ADV. V. B. DESHPANDE COLLEGE OF COMMERCE (NIGHT)
maharashtra,2567,DNYAN VIKAS SANSTHA'S D.V.S. COLLEGE OF COMMERCE
maharashtra,2568,"KRANTISINH NANA PATIL MAHAVIDYALAYA, WALAWE."
maharashtra,2569,"KASEGAON EDUCATION SOCIETY'S ARTS AND COMMERCE COLLEGE VISHWASRAO NAIK ARTS, COMMERCE AND BABA NAIK SCIENCE"
maharashtra,2570,"MAHAVIDYALAYA, SHIRALA"
maharashtra,2571,RAJARSHI SHAHU ARTS AND COMMERCE COLLEGE
maharashtra,2572,KOLHAPUR (MS) SHIKSHAN PRASARAK SANSTHA'S PADMABHUSHAN VASANTRAODADA
maharashtra,2573,PATIL MAHAVIDYALAYA LATTHE EDUCATION SOCIETY'S SMT. KASTURBAI WALCHAND COLLEGE
maharashtra,2574,(ARTS-SCIENCE)
maharashtra,2575,"MIRAJ MAHAVIDYALAYA KARMAVEER HIRE ARTS, SCIENCE, COMMERCE AND EDUCATION COLLEGE,"
maharashtra,2576,GARGOTI
maharashtra,2577,"THE NEW COLLEGE, KOLHAPUR ANJUMAN KHAIRUL ISLAM'S POONA COLLEGE OF ARTS, SCIENCE AND"
maharashtra,2578,COMMERCE
maharashtra,2579,"PEOPLE'S EDUCATION SOCIETY'S (MUMBAI) MILIND COLLEGE OF ARTS SITARANG CHARITABLE SOCIETY SHRIMATI SITABAI RANGUJI SHINDE ARTS,"
maharashtra,2580,"COMMERCE AND SCIENCE COLLEGE, BORI, TAL. JUNNAR, DIST. PUNE SHRI NAGPUR GUJARATI MANDAL'S VRAJLAL MANILAL VASANT COMMERCE, JAYDEOSHANKAR MANISHANKAR THAKAR ARTS AND"
maharashtra,2581,JASHBHAI JIJIBHAI PATEL SCIENCE COLLEGE
maharashtra,2582,VSS COLLEGE JALNA
maharashtra,2583,VILLAGE UPLIFT SOCIETY'S ANNASAHEB GUNDEWAR COLLEGE
maharashtra,2584,"SHRI NATHMAL GOENKA LAW COLLEGE, AKOLA Karmaveer Kakasaheb Wagh Shikshan Sanstha's Karmaveer Kakasaheb"
maharashtra,2585,"Wagh Arts, Commerce, Science and Computer Science College, Chandori"
maharashtra,2586,"P.S.G.V.P.M'S COLLEGE OF PHARMACY, SHAHADA"
maharashtra,2587,DHANWATE NATIONAL COLLEGE
maharashtra,2588,"SHREE PANDHARINATH ARTS AND COMMERCE COLLEGE,NARKHED"
maharashtra,2589,HI-TECH COLLEGE OF MANAGEMENT COMPUTER SCIENCE
maharashtra,2590,NANDURBAR
maharashtra,2591,M.S.P. Mandal's Deogiri Institute of Technology and Management Studies
maharashtra,2592,"GRAM VIKAS SANSTHA'S ARTS COLLEGE R. C. PATEL EDUCATIONAL TRUST'S R. C. PATEL ARTS, COMMERCE AND"
maharashtra,2593,"SCIENCE COLLEGE, SHIRPUR SHRI SHIVAJI VIDYA PRASARAK SANSTHA'S BHAUSAHEB N. S. PATIL ARTS"
maharashtra,2594,"AND M.F.M.A. COMMERCE COLLEGE, DHULE"
maharashtra,2595,NALANDA NRITYA KALA MAHAVIDYALAYA
maharashtra,2596,AMOLAKCHAND VIDHI MAHAVIDYALAYA YAVATMAL
maharashtra,2597,"SANTAJI MAHAVIDYALAYA National Kannada Education Society's N K E S College of Arts, Commerce &"
maharashtra,2598,Science AJINTHA EDUCATION SOCIETY'S SANT DNYANESHWAR MAHAVIDYALAYA
maharashtra,2599,"SOEGAON, DIST AURANGABAD (MS)"
maharashtra,2600,"ZSCT'S THAKUR SHYAMNARAYAN DEGREE COLLEGE THAKUR INSTITUTE OF MANAGEMENT STUDIES, CAREER DEVELOPMENT"
maharashtra,2601,AND RESEARCH
maharashtra,2602,"TERNA DENTAL COLLEGE MANOHAR BHAI PATEL COLLEGE OF ARTS, COMMERCE AND SCIENCE"
maharashtra,2603,SAKOLI
maharashtra,2604,SADHU VASWANI COLLEGE OF NURSING
maharashtra,2605,"J. M. PATEL ARTS, COMMERCE AND SCIENCE COLLEGE, BHANDARA(MAH) SHRI SHIVAJI EDUCATION SOCIETY AMRAVATI'S SCIENCE COLLEGE, PAUNI,"
maharashtra,2606,DIST. BHANDARA (MS)
maharashtra,2607,"DECCAN COLLEGE OF INTERIOR DESIGN HRSPM'S SARSENAPATI HAMBIRRAO MOHITE LAW COLLEGE,"
maharashtra,2608,"RAJGURUNAGAR, PUNE, MAHARASHTRA AJINTHA EDUCATION SOCIETY'S PANDIT JAWAHARLAL NEHRU"
maharashtra,2609,MAHAVIDYALAYA
maharashtra,2610,"COMMERCE COLLEGE, BADNAPUR. DIST JALNA (MAHARASHTRA) INDIA People's Education Society's (Mumbai) DR. BABASAHEB AMBEDKAR"
maharashtra,2611,"COLLEGE OF ARTS AND COMMERCE, Aurangabad"
maharashtra,2612,SHRI BHAIYYAJI PANDHAIPANDE NATIONAL INSTITUTE OF SOCIAL WORK
maharashtra,2613,KHANDESH COLLEGE EDUCATION SOCIETY'S S.S.MANIYAR LAW COLLEGE
maharashtra,2614,"YASHWANT COLLEGE, SELU"
maharashtra,2615,SHRIMATI SAVITARANI NARAYANDAS JAWANDHIYA MAHAVIDYALAYA SHRI JAIN VIDYA PRASARAK MANDAL'S RASIKLAL M. DHARIWAL INSTITUTE
maharashtra,2616,"OF PHARMACEUTICAL EDUCATION AND RESEARCH,CHINCHWAD,PUNE CSIBER'S COLLEGE OF NON-CONVENTIONAL VOCATIONAL COURSES FOR"
maharashtra,2617,WOMEN BALAGHAT EDUCATION SOCIETY'S YESHWANTRAO CHAVAN
maharashtra,2618,MAHAVIDYALAYA
maharashtra,2619,"ARTS, SCIENCE AND COMMERCE COLLEGE, NALDURG BAPURAOJI BUTLE ARTS, NARAYANRAO BHAT COMMERCE AND BAPUSAHEB"
maharashtra,2620,"PATIL SCIENCE COLLEGE, DIGRAS"
maharashtra,2621,RAJEEV GANDHI COLLEGE OF MANAGEMENT STUDIES
maharashtra,2622,"SHIVSHAKTI ARTS AND COMMERCE COLLEGE RAJMATA JIJAU SHIKSHAN PRASARAK MANDAL'S, COLLEGE OF PHARMACY,"
maharashtra,2623,"DUDULGAON, PUNE"
maharashtra,2624,SHRI DNYANESH MAHAVIDYALAYA
maharashtra,2625,"Babaji Datey Kala Ani Vanijya Mahavidyalaya, Yavatmal"
maharashtra,2626,"LOKNAYAK BAPUJI ANEY MAHILA MAHAVIDYALAYA, YAVATMAL"
maharashtra,2627,"SMT. RADHADEVI GOENKA COLLEGE FOR WOMEN SHRI SWAMI VIVEKANAND SHIKSHAN SANSTHAS'S DR PATANGARAO KADAM ARTS AND COMMERCE COLLEGE, PEN, DIST. RAIGAD-"
maharashtra,2628,MAHARASHTRA
maharashtra,2629,"VIBHAG, PHUNDE"
maharashtra,2630,"SHRI S.H. KELKAR COLLEGE OF ARTS, COMMERCE AND SCIENCE, DEVGAD RAOSAHEB GOGATE COLLEGE OF COMMERCE AND SMT. SARASWATIBAI"
maharashtra,2631,GANSHET WALKE COLLEGE OF ARTS
maharashtra,2632,SHRI PANCHAM KHEMRAJ MAHAVIDYALAYA
maharashtra,2633,J WATUMULL SADHUBELLA GIRLS COLLEGE ULHASNAGAR SARVODAYA SHIKSHAN MANDAL'S SARDAR PATEL
maharashtra,2634,"MAHAVIDYALAYA,CHANDRAPUR"
maharashtra,2635,KALA WANIJYA MAHILA MAHAVIDYALAYA BALLARPUR
maharashtra,2636,"SHIKSHAN MAHARSHI GURUVARYA R. G. SHINDE MAHAVIDYALAYA SHRI SWAMI VIVEKANAND SHIKSHAN SANSTHA, KOLHAPUR' TULJABHAVANI"
maharashtra,2637,"MAHAVIDYALAYA, TULJAPUR, DIST .OSMANABAD (MS) INDIA KARMAVEER MAMASAHEB JAGDALE MAHAVIDYALAYA, WASHI"
maharashtra,2638,DIST.OSMANABAD SHRI SWAMI VIVEKANAND SHIKSHAN SANSTHA KOLHAPUR'S
maharashtra,2639,"SMT.MEENALBEN MEHTA COLLEGE(ARTS,COMMERCE AND SCIENCE) Shri Gujarati Seva Samaj, Sangli Sanchalit Smt. Champaben Balchand Shah"
maharashtra,2640,"Mahila Mahavidyalya, Ratanshinagar, Near Amrai, Sangli S. S. P. MANDAL'S BHAGWAN MAHAVIDYALAYA(ARTS, COMMERCE AND"
maharashtra,2641,"SCIENCE), ASHTI, TAL. ASHTI, DIST. BEED (M.S.) DNYANVARDHINI TRUST'S SONUBHAU BASWANT COLLEGE OF ARTS AND"
maharashtra,2642,"COMMERCE, SHAHAPUR"
maharashtra,2643,"CHANDA SHIKSHAN PRASARAK MANDAL'S, JANATA MAHAVIDYALAYA"
maharashtra,2644,JASHBHAI MAGANBHAI PATEL COLLEGE OF COMMERCE
maharashtra,2645,K.M.E. SOCIETY'S G.M MOMIN WOMEN'S COLLEGE THE BHARAT EDUCATION SOCIETY'S SANT GADGE MAHARAJ COLLEGE OF
maharashtra,2646,COMMERCE AND ECONOMICS
maharashtra,2647,"DHULE EDUCATION SOCIETY'S M.D. PALESHA COMMERCE COLLEGE, DHULE CAMP EDUCATION SOCIETY'S DR. ARVIND B TELANG SENIOR COLLEGE OF"
maharashtra,2648,"ARTS, SCIENCE AND COMMERCE NIGDI PUNE"
maharashtra,2649,"NABIRA MAHAVIDYALAYA NUTAN ADARSH ARTS, COMM. AND SMT. M. H. WEGAD SCIENCE COLLEGE,"
maharashtra,2650,UMRED
maharashtra,2651,"MAHATMA GANDHI ARTS AND COMM. COLLEGE, PARSEONI"
maharashtra,2652,"DADA RAMCHAND BAKHRU SINDHU MAHAVIDYALAYA, NAGPUR ARUNODAYA DNYAN PRASARAK MANDAL'S, WOMEN'S COLLEGE OF ARTS,"
maharashtra,2653,"COMMERCE AND HOME SCIENCE, JALGAON."
maharashtra,2654,"APPASAHEB R. B. GARUD ARTS, COMMERCE AND SCIENCE COLLEGE SWAMI RAMANAND SHIKSHAN PRASARAK MANDAL""S SANT RAMDAS ARTS,"
maharashtra,2655,"COMMERCE AND SCIENCE COLLEGE, GHANSAWANGI. DIST. JALNA"
maharashtra,2656,SMT H R PATEL ARTS MAHILA COLLEGE SHIRPUR DIST DHULE MS
maharashtra,2657,"ISMAILSAHEB MULLA LAW COLLEGE, SATARA"
maharashtra,2658,"MAHARASHTRA MAHAVIDYALAYA, NILANGA"
maharashtra,2659,"SWAMI VIVEKANAND SENIOR COLLEGE, MANTHA DIST. JALNA"
maharashtra,2660,"D. A. V. VELANKAR COLLEGE OF COMMERCE, SOLAPUR"
maharashtra,2661,VIDNYAN MAHAVIDYALAYA SANGOLA
maharashtra,2662,"SOU. SUVARNALATA GANDHI MAHAVIDYALAYA SHRI GAJANAN SHIKSHAN PRASARAK MANDAL'S TOSHNIWAL ARTS,"
maharashtra,2663,"COMMERCE AND SCIENCE COLLEGE, SENGAON"
maharashtra,2664,SHANKARRAO MOHITE MAHAVIDYALAYA
maharashtra,2665,"BHALERAO SCIENCE COLLEGE BAR. SHESHRAO WANKHEDE COLLEGE OF ARTS COMMERCE,"
maharashtra,2666,KHAPERKHEDA
maharashtra,2667,"ARTS,COMMERCE AND SCIENCE COLLEGE, KOWAD DAULAT VISHWASTH SANSTHA'S YASHWANTRAO CHAVAN"
maharashtra,2668,MAHAVIDYALAYA
maharashtra,2669,"GOPAL KRISHNA GOKHALE COLLEGE,KOLHAPUR"
maharashtra,2670,RAJA SHRIPATARAO BHAGAWANTRAO MAHAVIDYALAYA
maharashtra,2671,"SARDAR BABASAHEB MANE MAHAVIDYALAYA,RAHIMATPUR"
maharashtra,2672,M. H. SHINDE MAHAVIDYALAYA
maharashtra,2673,TUKARAM KRISHNAJI KOLEKAR ARTS AND COMMERCE COLLEGE.
maharashtra,2674,"SREE NARAYANA GURU COLLEGE OF COMMERCE S.K.SOMAIYA COLLEGE OF ARTS,SCIENCE AND COMMERCE,VIDYAVIHAR,"
maharashtra,2675,MUMBAI Ashti Taluka Shikshan Prasarak Mandal's Adv.B.D. Hambarde Mahavidyalaya
maharashtra,2676,Ashti
maharashtra,2677,"SHRI SANT DAMAJI MAHAVIDYALAYA K. N. BHISE ARTS, COMMERCE AND VINAYAKRAO PATIL SCIENCE COLLEGE,"
maharashtra,2678,"VIDYANAGAR, BHOSARE"
maharashtra,2679,"ARTS AND COMMERCE COLLEGE MADHA, DIST-SOLAPUR SETH NARSINGDAS MOR COLLEGE OF ARTS AND COMMERCE AND SMT. G.D. SARAF SCIENCE COLLEGE, TUMSAR - , DIST."
maharashtra,2680,"BHANDARA,(MAHARASHTRA)"
maharashtra,2681,"SHRIPATRAO CHOUGULE ARTS AND SCIENCE COLLEGE,MALWADI-KOTOLI"
maharashtra,2682,"PROF. DR. N. D. PATIL MAHAVIDYALAYA, MALKAPUR GONDIA EDUCATION SOCIETY'S MANOHARBHAI PATEL COLLEGE OF ARTS"
maharashtra,2683,AND COMMERCE
maharashtra,2684,J. D. PATIL SANGLUDKAR MAHAVIDYALAYA DARYAPUR
maharashtra,2685,BRIJLAL BIYANI SCIENCE COLLEGE
maharashtra,2686,THE PEOPLE'S EDUCATION SOCIETY'S JAMKHED MAHAVIDYALAYA
maharashtra,2687,"MAHILA ARTS, COMMERCE COLLEGE, CHANDUR RLY."
maharashtra,2688,AZAD MAHAVIDYALAYA
maharashtra,2689,"SHIVAJI MAHAVIDYALAYA, RENAPUR, DIST. LATUR"
maharashtra,2690,SHRI SHIVAJI MAHAVIDYALAYA
maharashtra,2691,"B. P. SULAKHE COMMERCE COLLEGE, BARSHI"
maharashtra,2692,DADASAHEB JOTIRAM GODSE ARTS COMMERCE SCIENCE COLLEGE VADUJ
maharashtra,2693,SHARADCHANDRA PAWAR MAHAVIDYALAYA
maharashtra,2694,"ARTS, COMMERCE AND SCIENCE COLLEGE, VAIBHAVWADI"
maharashtra,2695,"SHRI SHIVAJI ARTS, COMMERCE AND SCIENCE COLLEGE, AKOT"
maharashtra,2696,"ILS LAW COLLEGE, PUNE"
maharashtra,2697,"BABUJI AVHAD MAHAVIDYALAYA, PATHARDI"
maharashtra,2698,"Y. D. V. D. Arts and Commerce College , Teosa, Dist. Amravati NAV MAHARASHTRA SHIKSHAN MANDAL SHEVGAON'S LATE. ABASAHEB KAKADE ARTS COLLEGE,BODHEGAON,TAL- SHEVAGAON,DIST-"
maharashtra,2699,"AHMEDNAGAR,MAHARASHTRA."
maharashtra,2700,"VASANTRAO NAIK MAHAVIDYALAYA C. B. KHEDGIS BASAVESHWAR SCIENCE, RAJA VIJAYSINH COMMERCE AND"
maharashtra,2701,"RAJA JAYSINH ARTS COLLEGE, AKKALKOT KONKAN GYANPEETH KARJAT COLLEGE OF ARTS SCIENCE AND COMMERCE,"
maharashtra,2702,"KARJAT - RAIGAD, MAHARASHTRA"
maharashtra,2703,KONKAN GYANPEETH URAN COLLEGE OF COMMERCE AND ARTS
maharashtra,2704,KUMBHALKAR COLLEGE OF SOCIAL WORK
maharashtra,2705,LOK MAHAVIDYALAYA SWATANTRYA SAINIK SHRI KANHAIYALALJI RAMCHANDRA INNANI
maharashtra,2706,"MAHAVIDYALAYA, KARANJA (LAD)"
maharashtra,2707,"VIDYA BHARATI MAHAVIDYALAYA, AMRAVATI"
maharashtra,2708,SAVITRIBAI PHULE MAHILA MAHAVIDYALAYA WASHIM DAPOLI EDUCATION SOCIETY'S DAPOLI URBAN BANK SENIOR SCIENCE
maharashtra,2709,"COLLEGE ABASAHEB MARATHE ARTS AND NEW COMMERCE, SCIENCE COLLEGE,"
maharashtra,2710,RAJAPUR
maharashtra,2711,"D.G.B. DAYANAND LAW COLLEGE, SOLAPUR SHRI. DADASAHEB GAWAI CHARITABLE TRUST'S, DR. BABASAHEB"
maharashtra,2712,"AMBEDKAR MAAVIDALAYA SIPNA SHIKSHAN PRASARAK MANDAL'S AMRAVATI ARTS, SCIENCE AND"
maharashtra,2713,"COMMERCE COLLEGE DANG SEVA MANDAL'S DADASAHEB BIDKAR ARTS, SCIENCE AND"
maharashtra,2714,"COMMERCE COLLEGE, PETH, TAL. PETH, DIST. NASHIK"
maharashtra,2715,"BAR. SHESHRAO WANKHEDE MAHAVIDYALAYA, MOHPA, DIST. NAGPUR NAVALBHAU PRATISHTHAN SANCHALIT RUKHMINIBAI ARTS AND"
maharashtra,2716,COMMERCE MAHILA COLLEGE
maharashtra,2717,"ARTS,COMMERCE AND SCIENCE COLLEGE,TUKUM, CHANDRAPUR"
maharashtra,2718,"VIDYA VIKAS ARTS, COMMERCE AND SCIENCE COLLEGE, SAMUDRAPUR G.S.TOMPE ARTS, COMMERCE AND SCIENCE COLLEGE, CHANDUR BAZAR -"
maharashtra,2719,"AMRAVATI, MAHARASHTRA NARAYANRAO KALE SMRUTI MODEL COLLEGE ARTS, COMMERCE AND"
maharashtra,2720,"SCIENCE SMT. SALUNKABAI RAUT ARTS AND COMMERCE COLLEGE, WANOJA,"
maharashtra,2721,MANGRULPIR.
maharashtra,2722,DAYANAND ARYA KANYA MAHAVIDYALAYA
maharashtra,2723,"T.Z.A.S.P. MANDAL'S PRAGATI COLLEGE OF ARTS AND COMMERCE JAWAHARLAL NEHRU ARTS, COMMERCE AND SCIENCE COLLEGE WADI"
maharashtra,2724,"NAGPUR VIDYA BHARATI SHAIKSHANIK MANDLACHE AMARAVATI SANCHALIT, SANT MUKTABAI ARTS AND COMMERCE COLLEGE, MUKTAINAGAR. DIST."
maharashtra,2725,JALGAON. MAHARASHTRA
maharashtra,2726,"GOVERNMENT SCIENCE COLLEGE GADCHIROLI JANSEVA SHIKSHAN MANDAL'S SHANTARAMBHAU GHOLAP ARTS,SCIENCE"
maharashtra,2727,"AND GOTIRAMBHAU PAWAR COMMERCE COLLEGE,SHIVLE B.P.H.E SOCIETY'S CENTER FOR STUDIES IN RURAL DEVELOPMENT"
maharashtra,2728,INSTITUTE OF SOCIAL WORK AND RESEARCH
maharashtra,2729,"K.M.AGRAWAL COLLEGE OF ARTS COMMERCE AND SCIENCE KALYAN SHRI SWAMI VIVEKANAND SHIKSHAN SANSTHA, KOLHAPUR'S"
maharashtra,2730,SHIKSHANMAHARSHI BAPUJI SALUNKHE MAHAVIDYALAYA
maharashtra,2731,IndSearch Institute of Management Studies and Research SHRI SEVADAS SHIKSHAN PRASARAK MANDAL'S JAWAHARLAL NEHRU
maharashtra,2732,COLLEGE OF SOCIAL WORK
maharashtra,2733,"ARTS AND COMMERCE, DOMBIVLI EAST"
maharashtra,2734,R.B.MADKHOLKAR MAHAVIDYALAYA
maharashtra,2735,"Shri Vijaysinha Yadav College, Peth Vadgaon NIJAMPUR JAITANE SHIKSHAN PRASARAK MANDALACHE JAGANNATH"
maharashtra,2736,KADWADAS SHAH ADARSH MAHAVIDYALAY
maharashtra,2737,"PROF. SAMBHAJIRAO KADAM COLLEGE, DEUR"
maharashtra,2738,MALINI KISHOR SANGHVI COLLEGE OF COMMERCE AND ECONOMICS
maharashtra,2739,"SIES (NERUL) COLLEGE OF ARTS, SCIENCE AND COMMERCE"
maharashtra,2740,"NAGAR PARISHAD SHIVAJI COLLEGE, MOWAD"
maharashtra,2741,"SHANKARLAL KHANDELWAL ARTS, SCIENCE AND COMMERCE COLLEGE PEN EDUCATION SOCIETY'S BHAUSAHEB NENE ARTS,SCIENCE AND"
maharashtra,2742,"COMMERCE COLLEGE,PEN"
maharashtra,2743,"ARTS AND COMMERCE DEGREE COLLEGE, PETROL PUMP, JAWAHARNAGAR"
maharashtra,2744,PURUSHOTTAM THOTE COLLEGE OF SOCIAL WORK
maharashtra,2745,"PATUCK-GALA COLLEGE OF COMMERCE AND MANAGEMENT KRISHNAI SHIKSHAN PRASARAK MANDAL LATUR'S, JANVIKAS"
maharashtra,2746,"MAHAVIDYALAYA, BANSAROLA, TQ-KAIJ, DIST-BEED"
maharashtra,2747,PROGRESSIVE EDUCATION SOCIETY'S MODERN COLLEGE OF ENGINEERING
maharashtra,2748,M.C.E.SOCIETY'S A.K.K.NEW LAW ACADEMY PUNE WEST KHANDESH DALIT SHIKSHAN PRASARAK MANDAL'S DR. BABASAHEB
maharashtra,2749,AMBEDKAR MEMORIAL COLLEGE OF LAW ROYAL EDUCATION SOCIETY'S COLLEGE OF COMPUTER SCIENCE AND
maharashtra,2750,INFORMATION TECHNOLOGY SINHGAD TECHNICAL EDUCATION SOCIETY'S (STES'S) SINHGAD COLLEGE OF
maharashtra,2751,SCIENCE
maharashtra,2752,PRINCIPAL ARUNRAO KALODE MAHAVIDYALAYA
maharashtra,2753,SONAMAI SHIKSHAN PRASARAK MANDAL'S ARTS MAHILA COLLEGE
maharashtra,2754,SURYABHANJI PAWAR COLLEGE
maharashtra,2755,SIR VITHALDAS THACKERSEY COLLEGE OF HOME SCIENCE (AUTONOMOUS)
maharashtra,2756,ST. XAVIER'S COLLEGE (AUTONOMOUS)
maharashtra,2757,G.H.RAISONI INSTITUTE OF ENGINEERING & TECHNOLOGY PRAVARA RURAL EDUCATION SOCIETY'S WOMEN'S COLLEGE OF HOME
maharashtra,2758,SCIENCE AND BCA
maharashtra,2759,MGM DENTAL COLLEGE AND HOSPITAL
maharashtra,2760,G. H. RAISONI COLLEGE OF ENGINEERING AND MANAGEMENT
maharashtra,2761,"INDIRA MAHAVIDYALAYA, KALAMB"
maharashtra,2762,VASUNDHARA KALA MAHAVIDYALAY
maharashtra,2763,G .H RAISONI INSTITUTE OF INFORMATION TECHNOLOGY
maharashtra,2764,G.H.RAISONI SCHOOL BUSINESS MANAGEMENT
maharashtra,2765,G.H.RAISONI INSTITUTE OF MANAGEMENT AND RESEARCH
maharashtra,2766,G.H. RAISONI INSTITUTE OF ENGINEERING & MANAGEMENT
maharashtra,2767,YASHWANTRAO CHAVAN ARTS AND SCIENCE MAHAVIDYALAYA
maharashtra,2768,D.G. TATKARE ARTS AND COMMERCE COLLEGE
maharashtra,2769,MAHATMA JYOTIBA FULE MAHAVIDYALAYA
maharashtra,2770,"MALATI VASANTDADA PATIL KANYA MAHAVIDYALAYA, URUN ISLAMPUR"
maharashtra,2771,JAIKRANTI ARTS SENIOR COLLEGE
maharashtra,2772,YESHWANTRAO CHAVAN COLLEGE OF ENGINEERING
maharashtra,2773,"LOKMANYA TILAK MAHAVIDYALAYA, WANI"
maharashtra,2774,"SETH HIRACHAND MUTHA COLLEGE OF ARTS, COMMERCE AND SCIENCE SHRI RAMDEOBABA COLLEGE OF ENGINEERING AND MANAGEMENT,"
maharashtra,2775,NAGPUR MATOSHRI SUBHADRABAI PATIL ART AND LATE PANDURANGJI THAKARE
maharashtra,2776,"COMMERCE COLLEGE SHRIMATI NARSAMMA ARTS, COMMERCE AND SCIENCE COLLEGE, KIRAN"
maharashtra,2777,"NAGAR, AMRAVATI"
maharashtra,2778,G. H. RAISONI INSTITUTE OF ENGINEERING & TECHNOLOGY NAGPUR
maharashtra,2779,S.B.E.S. COLLEGE OF SCIENCE
maharashtra,2780,MGM INSTITUTE OF MANAGEMENT ALL INDIA SHRI SHIVAJI MEMORIAL SOCIETY'S COLLEGE OF HOTEL
maharashtra,2781,MANAGEMENT AND CATERING TECHNOLOGY
maharashtra,2782,"G.H. RAISONI COLLEGE OF ENGINEERING AND MANAGEMENT VIDYA PRATISHTHAN'S INSTITUTE OF INFORMATION TECHNOLOGY,"
maharashtra,2783,BARAMATI OM VIDYALANKAR SHIKSHAN SANSTHA'S ASMITA COLLEGE OF ARTS AND
maharashtra,2784,"COMMERCE FOR WOMEN DR. VITHALRAO VIKHE PATIL FOUNDATION'S COLLEGE OF PHYSIOTHERAPY,"
maharashtra,2785,AHMEDNAGAR (MH)
maharashtra,2786,"NCRD'S STERLING COLLEGE OF ARTS, COMMERCE AND SCIENCE KAMALA EDUCATION SOCIETY'S PRATIBHA COLLEGE OF COMMERCE AND"
maharashtra,2787,"COMPUTER STUDIES RASHTRAPITA MAHATMA GANDHI ARTS, COMMERCE AND SCIENCE"
maharashtra,2788,COLLEGE SAOLI
maharashtra,2789,ARTS AND COMMERCE COLLEGE
maharashtra,2790,BHAGINI MANDAL CHOPDA'S COLLEGE OF SOCIAL WORK MANGAON SHIKSHAN PRASARAK MANDAL'S D.G.TATKARE MAHAVIDYALAY
maharashtra,2791,"Arts,Science, Commerce"
maharashtra,2792,SANJEEVANEE MAHAVIDYALAYA
maharashtra,2793,"YADAORAO POSHATTIWAR ARTS COLLEGE, TALODHI (BALAPUR) LATE BHASKARRAO SHINGANE ARTS PROF. NARAYANRAO GAWANDE"
maharashtra,2794,SCIENCE AND ASHALATA GAWANDE COMMERCE COLLEGE KRANTIVEER VASANTRAO NARAYANRAO NAIK SHIKSHAN PRASARAK SANSTHAS ARTS AND COMMERCE COLLEGE DINDORI DIST NASHIK
maharashtra,2795,MAHARASHTRA
maharashtra,2796,"Taywade College, Mahadula, Koradi G.H.R EDUCATIONAL FOUNDATION SOCIETY`S G. H. RAISONI INSTITUTE OF"
maharashtra,2797,"BUSINESS MANAGEMENT, JALGAON"
maharashtra,2798,DR. BABASAHEB AMBEDKAR COLLEGE OF SOCIAL WORK
maharashtra,2799,"VASUNDHARA COLLEGE OF ARTS, SCIENCE AND COMMERCE"
maharashtra,2800,SVERI'S COLLEGE OF ENGINEERING
maharashtra,2801,SMT. SHAKUNTALABAI DHABEKAR MAHAVIDYALAYA
maharashtra,2802,BABA NAIK MAHAVIDYALAYA
maharashtra,2803,"SMT. NANKIBAI WADHWANI KALA MAHAVIDYALAYA, YAVATMAL"
maharashtra,2804,MODERN EDUCATION SOCIETY'S COLLEGE OF ENGINEERING
maharashtra,2805,SMT. KASHIBAI NAVALE COLLEGE OF PHYSIOTHERAPY
maharashtra,2806,MATOSHRI NANIBAI GHARPHALKAR SCIENCE COLLEGE BABHULGAON Ramji Assar Vidyalaya's Laxmichand Golwala College of Commerce and
maharashtra,2807,Economics PUNE DISTRICT EDUCATION ASSOCIATION'S SETH GOVIND RAGHUNATH
maharashtra,2808,SABLE COLLEGE OF PHARMACY
maharashtra,2809,THE S.I.A. COLLEGE OF HIGHER EDUCATION
maharashtra,2810,"DR. ARUN MOTGHARE MAHAVIDYALAYA KONDHA-KOSRA JEEVANDEEP SHAIKSHANIK SANSTA POI'S ARTS,COMMERCE AND SCIENCE"
maharashtra,2811,COLLEGE GOVELI KHANDESH COLLEGE EDUCATION SOCIETY'S COLLEGE OF ENGINEERING AND
maharashtra,2812,MANAGEMENT
maharashtra,2813,YASHWANTRAO CHAVAN SCHOOL OF SOCIAL WORK
maharashtra,2814,AMRUTVAHINI COLLEGE OF ENGINEERING
maharashtra,2815,AISSMS'S INSTITUTE OF INFORMATION TECHNOLOGY SHRI VILE PARLE KELAVANI MANDAL'S USHA PRAVIN GANDHI COLLEGE OF
maharashtra,2816,"ARTS, SCIENCE AND COMMERCE"
maharashtra,2817,GURUNANAK COLLEGE OF PHARMACY SHRAM SADHANA BOMBAY TRUST'S COLLEGE OF ENGINEERING AND
maharashtra,2818,TECHNOLOGY
maharashtra,2819,INSTITUTE OF NAVAL MEDICINE MAHARSHI KARVE STREE SHIKSHAN SAMSTHA'S SMT. BAKUL TAMBAT
maharashtra,2820,INSTITUTE OF NURSING EDUCATION DR. D.Y..Patil Unitech Society's Dr. D. Y. Patil Institute of Pharmaceutical
maharashtra,2821,"Sciences and Research, Pimpri, Pune"
maharashtra,2822,DIST-DHULE MAHARASHTRA
maharashtra,2823,SHRI SARASWATI COLLEGE OF SOCIAL WORK SHREEYASH PRATISHTHAN'S SHREEYASH COLLEGE OF ENGINEERING AND
maharashtra,2824,TECHNOLOGY
maharashtra,2825,KIT'S INSTITUTE OF MANAGEMENT EDUCATION AND RESEARCH
maharashtra,2826,TULSIRAMJI GAIKWAD-PATIL COLLEGE OF ENGINEERING AND TECHNOLOGY
maharashtra,2827,Sinhgad Technical Education Society's Sinhgad Institute of Technology
maharashtra,2828,"SINHGAD INSTITUTE OF TECHNOLOGY AND SCIENCE, NARHE, PUNE SINHGAD TECHNICAL EDUCATION SOCIETY SMT. KASHIBAI NAVALE COLLEGE"
maharashtra,2829,OF ENGINEERING
maharashtra,2830,SINHGAD ACADEMY OF ENGINEERING KASEGAON EDUCATION SOCIETY'S RAJARAMBAPU INSTITUTE OF
maharashtra,2831,TECHNOLOGY SINHGAD TECHNICAL EDUCATION SOCIETY'S SINHGAD COLLEGE OF
maharashtra,2832,ENGINEERING
maharashtra,2833,TEXTILE AND ENGINEERING INSTITUTE ICHALKARANJI
maharashtra,2834,"SARASWATI COLLEGE OF ENGINEERING, KHARGHAR"
maharashtra,2835,GHARDA FOUNDATION'S GHARDA INSTITUTE OF TECHNOLOGY
maharashtra,2836,"DR. DAULATRAO AHER COLLEGE OF ENGINEERIN,KARAD SHAHAJIRAO PATIL VIKAS PRATISHTHAN, S. B. PATIL COLLEGE OF"
maharashtra,2837,ENGINEERING
maharashtra,2838,PROGRESSIVE EDUCATION SOCIETY'S MODERN LAW COLLEGE Maratha Vidya Prasarak Samaj's Karmaveer Adv. Baburao Ganpatrao
maharashtra,2839,Thakare College of Engineering JAGDAMBA EDUCATION SOCIETY'S S.N.D. COLLEGE OF ENGINEERING AND
maharashtra,2840,"RESEARCH CENTER .BABHULGAON, YEOLA."
maharashtra,2841,"Reena Mehta College of Arts, Science, Commerce and Management Studies"
maharashtra,2842,DEOGIRI INSTITUTE OF ENGINEERING AND MANAGEMENT STUDIES
maharashtra,2843,SHREE RAMCHANDRA COLLEGE OF ENGINEERING LONIKAND PUNE
maharashtra,2844,DADASAHEB BALPANDE COLLEGE OF PHARMACY
maharashtra,2845,"PILLAI HOC COLLEGE OF ARTS, SCIENCE AND COMMERCE"
maharashtra,2846,"SCES'S INDIRA COLLEGE OF PHARMACY PUNE R.C. PATEL INSTITUTE OF PHARMACEUTICAL EDUCATION AND RESEARCH,"
maharashtra,2847,"SHIRPUR DIST DHULE(MS) P. D. HINDUJA NATIONAL HOSPITAL & MEDICAL RESEARCH CENTRE,"
maharashtra,2848,COLLEGE OF NURSING MARATHWADA SHIKSHAN PRASARAK MANDAL'S SHIVCHHATRAPATI
maharashtra,2849,COLLEGE
maharashtra,2850,"ABASAHEB PARVEKAR MAHAVIDYALAY,YAVATMAL GODAVARI SHIKSHAN PRASARAK MANDAL, B. RAGHUNATH ARTS,"
maharashtra,2851,"COMMERCE & SCIENCE COLLEGE PRAVARA RURAL EDUCATION SOCIETY'S ARTS, COMMERCE AND SCIENCE"
maharashtra,2852,COLLEGE DAKSHIN SOLAPUR TALUKA SHIKSHAN MANDAL'S V. G. SHIVDARE COLLEGE
maharashtra,2853,"OF ARTS, COMMERCE AND SCIENCE, SOLAPUR"
maharashtra,2854,SHIRDI SAI RURAL INSTITUTE'S ARTS SCIENCE AND COMMERCE COLLEGE
maharashtra,2855,MAULI MAHAVIDYALAYA WADALA
maharashtra,2856,"Uttamchand Bagdiya Arts and Commerce College Risod SANTOSH BHIMRAO PATIL ARTS, COMMERCE AND SCIENCE COLLEGE,"
maharashtra,2857,MANDRUP TAL.SOUTH SOLAPUR DIST.SOLAPUR
maharashtra,2858,"SHAHID BHAGATSINGH MAHAVIDYALAYA KILLARI BAHUJAN SAMAJ SHIKSHAN PRASARAK MANDAL'S ARTS,COMMERCE AND"
maharashtra,2859,"SCIENCE COLLEGE, SONGIR TAL.AND DIST. DHULE SARVODAYA SHIKSHAN MANDAL'S SUSHILABAI RAMACHANDRARAO"
maharashtra,2860,MAMIDWAR COLLEGE OF SOCIAL WORK MAEER MIT PUNE'S MAHARASHTRA INSTITUTE OF MEDICAL EDUCATION
maharashtra,2861,AND RESEARCH MEDICAL COLLEGE SHAHADA TALUKA CO-OPERATIVE EDUCATION SOCIETY'S SCIENCE SENIOR
maharashtra,2862,COLLEGE
maharashtra,2863,"SARVAJANIK ARTS AND COMMERCE COLLEGE INSTITUTE OF MANAGEMENT STUDIES, CAREER DEVELOPMENT RESEARCH,"
maharashtra,2864,AHMEDNAGAR
maharashtra,2865,DESHBHAKT ANANDRAO BALWANTRAO NAIK ARTS AND SCIENCE COLLEGE
maharashtra,2866,"JEEVAN VIKAS MAHAVIDYALAYA, THUGAONDEO SINDHU NAVYUVAK MANDAL'S RAJKUMAR KEWALRAMANI KANYA"
maharashtra,2867,MAHAVIDYALAYA
maharashtra,2868,"MAHILA VIKAS SANSTHA'S NEW ARTS, COMMERCE AND SCIENCE COLLEGE"
maharashtra,2869,MAHILA VIKAS SANSTHA'S ARTS AND SCIENCE COLLEGE SHAHADA TALUKA EDUCATIONAL SOCIETY AND CO.OP. EDUCATION
maharashtra,2870,SOCIETY LIMITED'S SR. ARTS MAHILA MAHAVIDYALAYA MODEL ENGLISH EDUCATION SOCIETY'S SHARDA MAHAVIDYALAYA (ARTS &
maharashtra,2871,SCIENCE) SMT. RATNAPRABHADEVI MOHITE PATIL COLLEGE OF HOME SCIENCE FOR
maharashtra,2872,"WOMEN,AKLUJ TAL- MALSHIRAS DIST- SOLAPUR"
maharashtra,2873,"KALIKADEVI ARTS, COMMERCE AND SCIENCE COLLEGE, SHIRUR KASAR BANSILAL RAMNATH AGARWAL CHARITABLE TRUST'S VISHWAKARMA"
maharashtra,2874,INSTITUTE OF TECHNOLOGY PROGRESSIVE EDUCATION SOCIETY'S INSTITUTE OF MANAGEMENT AND
maharashtra,2875,CAREER DEVELOPMENT INSTITUTE OF INDUSTRIAL AND COMPUTER MANAGEMENT AND
maharashtra,2876,RESEARCH(I.I.C.M.R)
maharashtra,2877,"NAGNATH ARTS, COMMERCE AND SCIENCE COLLEGE"
maharashtra,2878,"ORANGE CITY COLLEGE OF SOCIAL WORK, NAGPUR"
maharashtra,2879,MATOSHRI COLLEGE OF ENGINEERING AND RESEARCH CENTRE
maharashtra,2880,ST. FRANCIS INSTITUTE OF MANAGEMENT AND RESEARCH (SFIMAR)
maharashtra,2881,VASANTRAO KALE MAHAVIDYALAYA
maharashtra,2882,"SCHOOL OF FASHION TECHNOLOGY Dr Vithalrao Vikhe Patil College of Engineering, Vadgaon Gupta ( Vilad Ghat)"
maharashtra,2883,"P.O MIDC, Ahmednagar"
maharashtra,2884,PHYSICAL EDUCATION PUNE
maharashtra,2885,"DEGREE COLLEGE OF PHYSICAL EDUCATION,AMRAVATI"
maharashtra,2886,"BHARATIYA MAHAVIDYALAYA, AMRAVATI"
maharashtra,2887,Mahatma Education Society's Pillai College of Education and Research DR.SHIVLING SHIVACHARYA MAHARAJ PRATISHTHAN'S COLLEGE OF
maharashtra,2888,EDUCATION
maharashtra,2889,CCYM'S HASHU ADVANI COLLEGE OF SPECIAL EDUCATION
maharashtra,2890,MAYAI LAMBI COLLEGE
maharashtra,2891,CHURACHANDPUR COLLEGE
maharashtra,2892,"IDEAL GIRLS' COLLEGE,AKAMPAT"
maharashtra,2893,"PRESIDENCY COLLEGE MOTBUNG, MOTBUNG"
maharashtra,2894,DM COLLEGE OF COMMERCE
maharashtra,2895,"C.I. COLLEGE, BISHNUPUR"
maharashtra,2896,NAOREM BIRAHARI COLLEGE
maharashtra,2897,Y. K. COLLEGE
maharashtra,2898,TAMENGLONG COLLEGE
maharashtra,2899,LILONG HAOREIBI COLLEGE
maharashtra,2900,N G COLLEGE IMPHAL
maharashtra,2901,SLOPELAND COLLEGE OF TEACHERS EDUCATION
maharashtra,2902,KUMBI COLLEGE
maharashtra,2903,BIRAMANGOL COLLEGE
maharashtra,2904,"MANGOLNGANBI COLLEGE, NINGTHOUKHONG"
maharashtra,2905,RAYBURN COLLEGE
manipur,2906,PRAVABATI COLLEGE
manipur,2907,PANDIT DEEN DAYAL UPADHYAY INSTITUTE OF AGRICULTURAL SCIENCES
manipur,2908,MODERN COLLEGE
manipur,2909,"UNITED COLLEGE, LAMBUNG, CHANDEL"
manipur,2910,"MANIPUR COLLEGE, IMPHAL"
manipur,2911,S. KULA WOMEN'S COLLEGE
manipur,2912,LAMKA COLLEGE
manipur,2913,LIBERAL COLLEGE
manipur,2914,SOUTH EAST MANIPUR COLLEGE
manipur,2915,THOUBAL COLLEGE
manipur,2916,THAMBAL MARIK COLLEGE
manipur,2917,KAKCHING KHUNOU COLLEGE
manipur,2918,STANDARD COLLEGE
manipur,2919,KHA MANIPUR COLLEGE
manipur,2920,THE MAHARAJA BODHCHANDRA COLLEGE
manipur,2921,THOMAS JONES SYNOD COLLEGE
manipur,2922,ST. ANTHONY'S COLLEGE
manipur,2923,"KIANG NANGBAH GOVERNMENT COLLEGE,LADNARTIANG, JOWAI"
manipur,2924,MENDIPATHAR COLLEGE
manipur,2925,TURA GOVERNMENT COLLEGE
manipur,2926,ST. EDMUND'S COLLEGE
manipur,2927,MAWSYNRAM BORDER AREA COLLEGE
manipur,2928,SOHRA GOVERNMENT COLLEGE
manipur,2929,THE SHILLONG LAW COLLEGE
meghalaya,2930,ST. MARY'S COLLEGE
meghalaya,2931,UNION CHRISTIAN COLLEGE
meghalaya,2932,"WOMEN'S COLLEGE, SHILLONG"
meghalaya,2933,SANKARDEV COLLEGE
meghalaya,2934,LADY KEANE COLLEGE
meghalaya,2935,JAINTIA EASTERN COLLEGE
meghalaya,2936,NONGSTOIN COLLEGE
meghalaya,2937,SNGAP SYIEM COLLEGE
meghalaya,2938,NONGTALANG COLLEGE
meghalaya,2939,GOVERNMENT KAMALANAGAR COLLEGE
meghalaya,2940,GOVT. MIZORAM LAW COLLEGE
meghalaya,2941,MIZORAM COLLEGE OF NURSING
meghalaya,2942,GOVERNMENT AIZAWL COLLEGE
meghalaya,2943,GOVT. AIZAWL WEST COLLEGE
meghalaya,2944,GOVERNMENT HRANGBANA COLLEGE
meghalaya,2945,GOVT. KOLASIB COLLEGE
mizoram,2946,GOVT SAIHA COLLEGE
mizoram,2947,GOVT. T.ROMANA COLLEGE
mizoram,2948,GOVT. J.THANKIMA COLLEGE
mizoram,2949,GOVT. J. BUANA COLLEGE
mizoram,2950,GOVERNMENT HNAHTHIAL COLLEGE
mizoram,2951,GOVT. AIZAWL NORTH COLLEGE
mizoram,2952,GOVT SAITUAL COLLEGE
mizoram,2953,GOVERNMENT ZIRTIRI RESIDENTIAL SCIENCE COLLEGE
mizoram,2954,PACHHUNGA UNIVERSITY COLLEGE
mizoram,2955,GOVERNMENT JOHNSON COLLEGE
mizoram,2956,GOVT. SERCHHIP COLLEGE
mizoram,2957,GOVERNMENT ZAWLNUAM COLLEGE
mizoram,2958,GOVERNMENT MAMIT COLLEGE
mizoram,2959,INSTITUTE OF ADVANCED STUDY IN EDUCATION
mizoram,2960,MOUNT TIYI COLLEGE
mizoram,2961,ST JOHN COLLEGE
mizoram,2962,PHEK GOVERNMENT COLLEGE
mizoram,2963,S. D. JAIN GIRLS' COLLEGE
mizoram,2964,PFUTSERO GOVERNMENT COLLEGE
mizoram,2965,SAO CHANG COLLEGE
mizoram,2966,ZISAJI PRESIDENCY COLLEGE
mizoram,2967,ZUNHEBOTO GOVT COLLEGE
mizoram,2968,EASTERN CHRISTIAN COLLEGE
mizoram,2969,"YINGLI COLLEGE COLLEGE OF NURSING, CHRISTIAN INSTITUTE OF HEALTH SCIENCES AND"
mizoram,2970,"RESEARCH,DIMAPUR"
mizoram,2971,"DON BOSCO COLLEGE, KOHIMA"
nagaland,2972,ST. XAVIER COLLEGE
nagaland,2973,WANGKHAO GOVERNMENT COLLEGE
nagaland,2974,PATKAI CHRISTIAN COLLEGE(AUTONOMOUS)
nagaland,2975,FAZL ALI COLLEGE
nagaland,2976,JAPFU CHRISTIAN COLLEGE
nagaland,2977,KOHIMA SCIENCE COLLEGE
nagaland,2978,UNITY COLLEGE
nagaland,2979,MOUNT OLIVE COLLEGE
nagaland,2980,DIMAPUR GOVERNMENT COLLEGE
nagaland,2981,IMMANUEL COLLEGE
nagaland,2982,MODERN COLLEGE
nagaland,2983,MODEL CHRISTIAN COLLEGE
nagaland,2984,TETSO COLLEGE
nagaland,2985,PUBLIC COLLEGE OF COMMERCE
nagaland,2986,"NEELAMADHAB MAHAVIDYALAYA, KANTILO"
nagaland,2987,BISHNU SAMANTARAY COLLEGE
nagaland,2988,BANT ANCHALIKA COLLEGE BANT
nagaland,2989,KHEMUNDI COLLEGE DIGAPAHANDI GANJAM
nagaland,2990,EINSTEIN ACADEMY OF TECHNOLOGY AND MANAGEMENT
nagaland,2991,RANPUR DEGREE COLLEGE
nagaland,2992,"LAXMIKANTA COLLEGE,BANGRIPOSI"
nagaland,2993,BRUNDABAN SUBUDHI COLLEGE
nagaland,2994,GANDHI INSTITUTE FOR EDUCATION AND TECHNOLOGY
nagaland,2995,SARANKUL COLLEGE DR. AMBEDKAR MEMORIAL INSTITUTE OF INFORMATION TECHNOLOGY
nagaland,2996,AND MANAGEMENT SCIENCE
nagaland,2997,RAMAJEE DEGREE MAHAVIDYALAYA
nagaland,2998,PANCHPIR WOMEN'S DEGREE COLLEGE
nagaland,2999,ATHMALLIK COLLEGE
nagaland,3000,POLASARA SCIENCE COLLEGE
nagaland,3001,INSTITUTE OF HEALTH SCIENCES
nagaland,3002,INTERNATIONAL MANAGEMENT INSTITUTE
nagaland,3003,INSTITUTE OF PHARMACY AND TECHNOLOGY SALIPUR
nagaland,3004,ROURKELA LAW COLLEGE BIJU PATNAIK INSTITUTE OF INFORMATION TECHNOLOGY AND
nagaland,3005,MANAGEMENT STUDIES
nagaland,3006,GOPALPUR COLLEGE
nagaland,3007,ABIT PILOO MODY COLLEGE OF ARCHITECTURE
nagaland,3008,D. A. V. SCHOOL OF BUSINESS MANAGEMENT
odisha,3009,JANATA COLLEGE
odisha,3010,RAJA MADHUSUDAN DEV DEGREE COLLEGE OF SCIENCE AND EDUCATION
odisha,3011,SRINIX COLLEGE OF ENGINEERING
odisha,3012,SHRI KRUSHNA CHANDRA GAJAPATI AUTONOMOUS COLLEGE
odisha,3013,NIMAPARA AUTONOMOUS COLLEGE
odisha,3014,BRAJRAJNAGAR COLLEGE
odisha,3015,"FAKIR MOHAN AUTONOMOUS COLLEGE, BALASORE"
odisha,3016,"JAWAHARLAL COLLEGE, PATNAGARH"
odisha,3017,ANCHAL COLLEGE PADAMPUR
odisha,3018,GOVERNMENT AUTONOMOUS COLLEGE RORUKELA
odisha,3019,CHRIST COLLEGE
odisha,3020,SALIPUR COLLEGE
odisha,3021,"GOVT. WOMEN'S COLLEGE, SAMBALPUR"
odisha,3022,PATTAMUNDAI COLLEGE
odisha,3023,"SWARNACHUD COLLEGE, MITRAPUR, BALASORE"
odisha,3024,BAJI ROUT MEMORIAL COLLEGE
odisha,3025,STEWART SCIENCE COLLEGE
odisha,3026,NAYAGARH AUTONOMOUS COLLEGE
odisha,3027,"BANKI COLLEGE (AUTONOMUS), BANKI"
odisha,3028,ATTABIRA COLLEGE
odisha,3029,GOPALPUR COLLEGE
odisha,3030,NATIONAL COLLEGE NUAPADA
odisha,3031,"GUNUPUR COLLEGE , GUNUPUR"
odisha,3032,RAYAGADA AUTONOMOUS COLLEGE RAYAGADA
odisha,3033,CHIKITI MAHAVIDYALAYA
odisha,3034,LAXMINARAYAN COLLEGE
odisha,3035,BOUDH PANCHAYAT COLLEGE
odisha,3036,"SARBATI DEVI WOMEN'S COLLEGE, RAJGANGPUR, SUNDARGARH, ODISHA"
odisha,3037,RAAJDHANI ENGINEERING COLLEGE
odisha,3038,"HINDOL COLLEGE, KHAJURIAKATA"
odisha,3039,GANDHI INSTITUTE FOR TECHNOLOGY (GIFT)
odisha,3040,ARYAN INSTITUTE OF ENGINEERING AND TECHNOLOGY
odisha,3041,REMUNA DEGREE COLLEGE
odisha,3042,"GANDHI ENGINEERING COLLEGE(GEC,BHUBANESWAR)"
odisha,3043,INDIRANI COLLEGE OF NURSING
odisha,3044,SRI MANAKULA VINAYAGAR MEDICAL COLLEGE AND HOSPITAL
odisha,3045,DR. AMBEDKAR GOVERNMENT LAW COLLEGE SRI VENKATESHWARAA MEDICAL COLLEGE HOSPITAL AND RESEARCH
odisha,3046,CENTRE
odisha,3047,PONDICHERRY INSTITUTE OF MEDICAL SCIENCES
odisha,3048,MAHE INSTITUTE OF DENTAL SCIENCES AND HOSPITAL
odisha,3049,MANAKULA VINAYAGAR INSTITUTE OF TECHNOLOGY
puducherry,3050,KANCHI MAMUNIVAR CENTRE FOR POST GRADUATE STUDIES
puducherry,3051,"DR.S.R.K.GOVT.ARTS COLLEGE, YANAM"
puducherry,3052,SARADHA GANGADHARAN COLLEGE
puducherry,3053,RAJIV GANDHI INSTITUTE OF VETERINARY EDUCATION AND RESEARCH
puducherry,3054,PERUNTHALAIVAR KAMARAJAR ARTS COLLEGE
puducherry,3055,KASTHURBA COLLEGE FOR WOMEN
puducherry,3056,SRI MANAKULA VINAYAGAR ENGINEERING COLLEGE
puducherry,3057,"GHG INSTITUTE OF LAW FOR WOMEN, SIDHWAN KHURD, LUDHIANA"
puducherry,3058,BABA BANDA SINGH BAHADUR ENGINEERING COLLEGE
puducherry,3059,ISF COLLEGE OF PHARMACY
puducherry,3060,SIRI GURU HAR RAI SAHIB COLLEGE FOR WOMEN
puducherry,3061,SL BAWA DAV COLLEGE
puducherry,3062,"S.D. COLLEGE, BARNALA"
puducherry,3063,"BARING UNION CHRISTIAN COLLEGE, BATALA"
puducherry,3064,ARMY COLLEGE OF NURSING
puducherry,3065,DESH BHAGAT COLLEGE
puducherry,3066,TRINITY COLLEGE
puducherry,3067,AKAL DEGREE COLLEGE
puducherry,3068,APEEJAY COLLEGE OF FINE ARTS
puducherry,3069,B.L.M GIRLS COLLEGE NAWANSHAHR
punjab,3070,S.R.P.A ADARSH BHARTIYA COLLEGE
punjab,3071,"GURU NANAK PREM KARAMSAR COLLEGE, NADALA"
punjab,3072,SSSS COLLEGE OF COMMERCE FOR WOMEN
punjab,3073,"GHG KHALSA COLLEGE, GURUSAR SADHAR APEEJAY INSTITUTE OF MANAGEMENT AND ENGINEERING TECHNICAL"
punjab,3074,CAMPUS
punjab,3075,"LYALLPUR KHALSA COLLEGE, JALANDHAR"
punjab,3076,"ARYA COLLEGE,LUDHIANA"
punjab,3077,KHALSA COLLEGE FOR WOMEN
punjab,3078,R.K. ARYA COLLEGE
punjab,3079,"PATEL MEMORIAL NATIONAL COLLEGE, RAJPURA"
punjab,3080,ASIAN EDUCATIONAL INSTITUTE
punjab,3081,A.S.COLLEGE OF EDUCATION
punjab,3082,KHALSA COLLEGE OF ENGINEERING AND TECHNOLOGY
punjab,3083,SHREE ATAM VALLABH JAIN COLLEGE
punjab,3084,GOVERNMENT COLLEGE
punjab,3085,DASMESH INSTITUTE OF RESEARCH AND DENTAL SCIENCES
punjab,3086,ASIAN COLLEGE OF EDUCATION
punjab,3087,GULZAR GROUP OF INSTITUTIONS
punjab,3088,"DAV COLLEGE,HOSHIARPUR"
punjab,3089,HANS RAJ MAHILA MAHA VIDYALAYA
punjab,3090,DAV COLLEGE BATHINDA
punjab,3091,MATA GUJRI COLLEGE (AUTONOMOUS)
punjab,3092,MULTANI MAL MODI COLLEGE
punjab,3093,S. D. P. COLLEGE FOR WOMEN
punjab,3094,D.A.V. COLLEGE GENERAL SHIVDEV SINGH DIWAN GURBACHAN SINGH KHALSA COLLEGE
punjab,3095,PATIALA
punjab,3096,"ARMY INSTITUTE OF LAW, MOHALI"
punjab,3097,"SH. LAL BAHADUR SHASTRI ARYA MAHILA COLLEGE, BARNALA"
punjab,3098,GURU NANAK DEV ENGINEERING COLLEGE
punjab,3099,GURU GOBIND SINGH COLLEGE
punjab,3100,GURU NANAK COLLEGE KILLIANWALI
punjab,3101,"Guru Nanak College, Sukhchainana Sahib, Phagwara"
punjab,3102,SRI AUROBINDO COLLEGE OF COMMERCE AND MANAGEMENT
punjab,3103,SRI GURU ANGAD DEV COLLEGE
punjab,3104,SHRI SANATAN DHARAM GIRLS' COLLEGE
punjab,3105,GLOBAL GROUP OF INSTITUTES
punjab,3106,Amritsar Group of Colleges AMAR SHAEED BABA AJIT SINGH JUJHAR SINGH MEMORIAL COLLEGE BELA
punjab,3107,ROPAR PUNJAB
punjab,3108,KHALSA COLLEGE OF EDUCATION RANJIT AVENUE AMRITSAR
punjab,3109,JYOTI B.ED. COLLEGE
punjab,3110,RNT PG COLLEGE
punjab,3111,APEX COLLEGE
punjab,3112,GOVT. DHULESHWAR ACHARYA SANSKRIT COLLEGE MANOHARPUR JAIPUR
punjab,3113,GOVERNMENT COLLEGE JAITARAN (PALI)
punjab,3114,AISHWARYA COLLEGE OF EDUCATION
punjab,3115,SHRI DIGAMBAR JAIN ACHARYA SANSKRIT MAHAVIDYALA
punjab,3116,NATIONAL INSTITUTE OF AYURVEDA
punjab,3117,JODHPUR INSTITUTE OF ENGINEERING AND TECHNOLOGY
punjab,3118,"ARYA INSTITUTE OF ENGINEERING AND TECHNOLOGY,JAIPUR"
punjab,3119,BIYANI INSTITUTE OF SCIENCE AND MANAGMENT
punjab,3120,POORNIMA INSTITUTE OF ENGINEERING AND TECHNOLOGY
punjab,3121,SS COLLEGE OF ENGINEERING
punjab,3122,SAMRAT PRITHVIRAJ CHAUHAN GOVERNMENT COLLEGE AJMER
punjab,3123,RAJASTHAN COLLEGE OF ENGINEERING FOR WOMEN
punjab,3124,ARAVALI INSTITUTE OF TECHNICAL STUDIES
punjab,3125,ARYA COLLEGE OF ENGINEERING AND RESEARCH CENTRE
punjab,3126,ARYA COLLEGE OF ENGINEERING AND INFORMATION TECHNOLOGY
punjab,3127,GOVT GIRLS P.G. COLLEGE SAWAI MADHOPUR
punjab,3128,"SOPHIA GIRLS' COLLEGE (AUTONOMOUS), AJMER"
punjab,3129,MAHARAJA GANGA SINGH DENTAL COLLEGE AND RESEARCH CENTRE
punjab,3130,JAIPUR ENGINEERING COLLEGE AND RESEARCH CENTRE
rajasthan,3131,"TECHNO INDIA NJR INSTITUTE OF TECHNOLOGY SWAMI KESHVANAND INSTITUTE OF TECHNOLOGY, MANAGEMENT AND"
rajasthan,3132,GRAMOTHAN
rajasthan,3133,"GEETANJALI INSTITUTE OF TECHNICAL STUDIES , UDAIPUR"
rajasthan,3134,SURENDERA DENTAL COLLEGE AND RESEARCH INSTITUTE
rajasthan,3135,GOVERNMENT COLLEGE
rajasthan,3136,GOVERNMENT COLLEGE
rajasthan,3137,S. M. C. C. GOVERNMENT COLLEGE
rajasthan,3138,GOVERNMENT COLLEGE TONK
rajasthan,3139,GOVERNMENT MAHARANI SUDARSHAN COLLEGE FOR WOMEN BIKANER
rajasthan,3140,"RAMESHWARI DEVI GIRLS COLLEGE, BHARATPUR"
rajasthan,3141,SW. PANDIT NAWAL KISHORE SHARMA GOVERNMENT P. G. COLLEGE
rajasthan,3142,"M.S.J.COLLEGE,BHARATPUR"
rajasthan,3143,SRI BALDEV RAM MIRDHA GOVT COLLEGE NAGAUR (RAJ)
rajasthan,3144,"DR. BHIM RAO AMBEDKAR GOVERNMENT COLLEGE, SRI GANGANAGAR"
rajasthan,3145,GOVERNMENT DUNGAR COLLEGE
rajasthan,3146,"GOVERNMENT MEERA GIRLS COLLEGE, UDAIPUR, RAJASTHAN"
rajasthan,3147,GLOBAL INSTITUTE OF TECHNOLOGY
rajasthan,3148,GOVERNMENT COLLEGE
rajasthan,3149,AISHWARYA COLLEGE OF EDUCATION SANSTHAN
rajasthan,3150,"KANORIA PG MAHILA MAHAVIDYALAYA, JAIPUR"
sikkim,3151,"TAKTSE, GANGTOK"
sikkim,3152,SIKKIM GOVERNMENT COLLEGE GYALSHING
sikkim,3153,GOVT SANSKRIT MAHAVIDYALAYA
sikkim,3154,GOVERNMENT COLLEGE RHENOCK
sikkim,3155,NAMCHI GOVERNMENT COLLEGE
sikkim,3156,"SIKKIM GOVERNMENT COLLEGE, BURTUK,GANGTOK SIKKIM"
sikkim,3157,HARKAMAYA COLLEGE OF EDUCATION
sikkim,3158,HOLY CROSS COLLEGE (AUTONOMOUS)
tamil nadu,3159,HOLY CROSS COLLEGE (AUTONOMOUS)
tamil nadu,3160,EDAYATHANGUDY G.S. PILLAY ARTS AND SCIENCE COLLEGE
tamil nadu,3161,PRESIDENCY COLLEGE (AUTONOMOUS)
tamil nadu,3162,KARPAGA VINAYAGA COLLEGE OF ENGINEERING AND TECHNOLOGY
tamil nadu,3163,AGNI COLLEGE OF TECHNOLOGY
tamil nadu,3164,ST. MARY'S COLLEGE(AUTONOMOUS)
tamil nadu,3165,K.L.N.COLLEGE OF ENGINEERING
tamil nadu,3166,AYYA NADAR JANAKI AMMAL COLLEGE (AUTONOMOUS)
tamil nadu,3167,E.S. COLLEGE OF NURSING
tamil nadu,3168,JUSTICE BASHEER AHMED SAYEED COLLEGE FOR WOMEN
tamil nadu,3169,ANNAI FATHIMA COLLEGE OF ARTS AND SCIENCE
tamil nadu,3170,LOYOLA COLLEGE (AUTONOMOUS)
tamil nadu,3171,SRI SATHGURU SANGEETHA VIDYALAYAM
tamil nadu,3172,THE CENTRAL LAW COLLEGE
tamil nadu,3173,A.V.C. COLLEGE (AUTONOMOUS)
tamil nadu,3174,DR.R.K.SHANMUGAM COLLEGE OF ARTS AND SCIENCE
tamil nadu,3175,SACRED HEART COLLEGE (AUTONOMOUS)
tamil nadu,3176,DHANALAKSHMI COLLEGE OF ENGINEERING
tamil nadu,3177,PRINCE SHRI VENKATESHWARA PADMAVATHY ENGINEERING COLLEGE
tamil nadu,3178,PRINCE SHRI VENKATESHWARA PADMAVATHY ENGINEERING COLLEGE
tamil nadu,3179,THIRU VI. KA. GOVERNMENT ARTS COLLEGE
tamil nadu,3180,"GOVERNMENT ARTS COLLEGE (AUTONOMOUS),SALEM"
tamil nadu,3181,FATIMA COLLEGE (AUTONOMOUS)
tamil nadu,3182,THE AMERICAN COLLEGE (AUTONOMOUS)
tamil nadu,3183,LADY DOAK COLLEGE (AUTONOMOUS)
tamil nadu,3184,PERI INSTITUTE OF TECHNOLOGY
tamil nadu,3185,SRI MUTHUKUMARAN INSTITUTE OF TECHNOLOGY
tamil nadu,3186,SRI SAI RAM ENGINEERING COLLEGE
tamil nadu,3187,SRI SHAKTHI INSTITUTE OF ENGINEERING AND TECHNOLOGY
tamil nadu,3188,TAGORE DENTAL COLLEGE AND HOSPITAL
tamil nadu,3189,C. KANDASWAMI NAIDU COLLEGE FOR WOMEN
tamil nadu,3190,GNANAM SCHOOL OF BUSINESS
tamil nadu,3191,SSM INSTITUTE OF ENGINEERING AND TECHNOLOGY
tamil nadu,3192,SRI SAIRAM INSTITUTE OF TECHNOLOGY
tamil nadu,3193,SRI G.V.G. VISALAKSHI COLLEGE FOR WOMEN (AUTONOMOUS)
tamil nadu,3194,CHELLAMMAL WOMENS COLLEGE
tamil nadu,3195,QUAID-E-MILLATH GOVERNMENT COLLEGE FOR WOMEN (AUTONOMOUS) KUNTHAVAI NAACCHIYAAR GOVERNMENT ARTS COLLEGE FOR WOMEN
tamil nadu,3196,(AUTONOMOUS)
tamil nadu,3197,"NADAR MAHAJANA SANGAM SERMATHAI VASAN COLLEGE FOR WOMEN KRISHNASAMY COLLEGE OF SCIENCE, ARTS AND MANAGEMENT FOR"
tamil nadu,3198,WOMEN
tamil nadu,3199,ST. JOSEPH'S COLLEGE
tamil nadu,3200,SCOTT CHRISTIAN COLLEGE
tamil nadu,3201,HAPPY VALLEY BUSINESS SCHOOL
tamil nadu,3202,GOVERNMENT ARTS COLLEGE (AUTONOMOUS) NATIONAL INSTITUTE FOR EMPOWERMENT OF PERSONS WITH MULTIPLE
tamil nadu,3203,DISABILITIES (NIEPMD)
tamil nadu,3204,ISLAMIAH WOMEN'S ARTS AND SCIENCE COLLEGE
tamil nadu,3205,STELLA MARIS COLLEGE (AUTONOMOUS)
tamil nadu,3206,SUBBALAKSHMI LAKSHMIPATHY COLLEGE OF SCIENCE
tamil nadu,3207,ARIGNAR ANNA GOVERNMENT ARTS COLLEGE
tamil nadu,3208,COIMBATORE INSTITUTE OF TECHNOLOGY
tamil nadu,3209,"GOVERNMENT COLLEGE OF ENGINEERING, SALEM"
tamil nadu,3210,ADHI COLLEGE OF ENGINEERING AND TECHNOLOGY
tamil nadu,3211,ARASU ENGINEERING COLLEGE ALAGAPPA CHETTIAR GOVERNMENT COLLEGE OF ENGINEERING AND
tamil nadu,3212,TECHNOLOGY
tamil nadu,3213,PSGR KRISHNAMMAL COLLEGE FOR WOMEN (AUTONOMOUS)
tamil nadu,3214,SRI RAMAKRISHNA COLLEGE OF ARTS AND SCIENCE RATHNAVEL SUBRAMANIAM COLLEGE OF ARTS AND SCIENCE
tamil nadu,3215,(AUTONOMOUS)
tamil nadu,3216,GOBI ARTS & SCIENCE COLLEGE (AUTONOMOUS)
tamil nadu,3217,KONGUNADU ARTS AND SCIENCE COLLEGE
tamil nadu,3218,CHENNAI INSTITUTE OF TECHNOLOGY
tamil nadu,3219,CHENNAI INSTITUTE OF TECHNOLOGY
tamil nadu,3220,VIRUDHUNAGAR HINDU NADARS' SENTHIKUMARA NADAR COLLEGE
tamil nadu,3221,ARUL ANANDAR COLLEGE (AUTONOMOUS)
tamil nadu,3222,THIAGARAJAR COLLEGE
tamil nadu,3223,SREE MOOKAMBIKA INSTITUTE OF DENTAL SCIENCES
tamil nadu,3224,DHAANISH AHMED COLLEGE OF ENGINEERING
tamil nadu,3225,JAYARAJ ANNAPACKIAM COLLEGE FOR WOMEN (AUTONOMOUS)
tamil nadu,3226,"GOVERNMENT ARTS COLLEGE FOR WOMEN,RAMANATHAPURAM"
tamil nadu,3227,GOVERNMENT COLLEGE OF TECHNOLOGY
tamil nadu,3228,KCG COLLEGE OF TECHNOLOGY
tamil nadu,3229,THIAGARAJAR COLLEGE OF ENGINEERING
tamil nadu,3230,MAHENDRA INSTITUTE OF TECHNOLOGY
tamil nadu,3231,SARADA KRISHNA HOMOEOPATHIC MEDICAL COLLEGE
tamil nadu,3232,ALAGAPPA GOVERNMENT ARTS COLLEGE
tamil nadu,3233,GOVERNMENT ATRS COLLEGE FOR MEN
tamil nadu,3234,M.O.P. VAISHNAV COLLEGE FOR WOMEN (AUTONOMOUS)
tamil nadu,3235,SRI SARADA COLLEGE FOR WOMEN (AUTONOMOUS)
tamil nadu,3236,SRI SARADA NIKETAN COLLEGE OF SCIENCE FOR WOMEN
tamil nadu,3237,ST. JOHN'S COLLEGE THE STANDARD FIREWORKS RAJARATNAM COLLEGE FOR WOMEN
tamil nadu,3238,(AUTONOMOUS)
tamil nadu,3239,VELLALAR COLLEGE FOR WOMEN
tamil nadu,3240,J.K.K. NATARAJA COLLEGE OF ARTS AND SCIENCE
tamil nadu,3241,GANESAR COLLEGE OF ARTS AND SCIENCE
tamil nadu,3242,LOKANATHA NARAYANASWAMY GOVERNMENT COLLEGE
tamil nadu,3243,D.K.M COLLEGE FOR WOMEN
tamil nadu,3244,"SRI ADI CHUNCHANAGIRI WOMEN'S COLLEGE, CUMBUM"
tamil nadu,3245,THASSIM BEEVI ABDUL KADER COLLEGE FOR WOMEN
tamil nadu,3246,PSG COLLEGE OF TECHNOLOGY
tamil nadu,3247,ARULMIGU PALANIANDAVAR ARTS COLLEGE FOR WOMEN
tamil nadu,3248,"GOVERNMENT COLLEGE OF ENGINEERING, BARGUR"
tamil nadu,3249,"ST.JOSEPH'S COLLEGE FOR WOMEN, TIRUPUR"
tamil nadu,3250,PARVATHY'S ARTS AND SCIENCE COLLEGE
tamil nadu,3251,RAMAKRISHNA MISSION VIVEKANANDA COLLEGE (AUTONOMOUS)
tamil nadu,3252,TAGORE INSTITUTE OF ENGINEERING AND TECHNOLOGY
tamil nadu,3253,MOHAMED SATHAK ENGINEERING COLLEGE
tamil nadu,3254,RAMCO INSTITUTE OF TECHNOLOGY
tamil nadu,3255,AMBIGA COLLEGE OF ARTS AND SCIENCE FOR WOMEN
tamil nadu,3256,T.J.S.ENGINEERING COLLEGE
tamil nadu,3257,NARASU'S SARATHY INSTITUTE OF TECHNOLOGY
tamil nadu,3258,ST. JOSEPH'S COLLEGE OF ENGINEERING
tamil nadu,3259,RATHINAM TECHNICAL CAMPUS
tamil nadu,3260,SMK FOMRA INSTITUTE OF TECHNOLOGY
tamil nadu,3261,J.J. COLLEGE OF ARTS AND SCIENCE (AUTONOMOUS)
tamil nadu,3262,CAPE INSTITUTE OF TECHNOLOGY
tamil nadu,3263,AALIM MUHAMMED SALEGH COLLEGE OF ENGINEERING SRI RAMAKRISHNA MISSION VIDYALAYA COLLEGE OF ARTS AND SCIENCE
tamil nadu,3264,(AUTONOMOUS)
tamil nadu,3265,PALANISAMY COLLEGE OF ARTS
tamil nadu,3266,THEIVANAI AMMAL COLLEGE FOR WOMEN
tamil nadu,3267,SARAH TUCKER COLLEGE (AUTONOMOUS)
tamil nadu,3268,GURU NANAK COLLEGE(AUTONOMOUS)
tamil nadu,3269,GURU NANAK COLLEGE(AUTONOMOUS)
tamil nadu,3270,AAA COLLEGE OF ENGINEERING AND TECHNOLOGY
tamil nadu,3271,KAMBAN COLLEGE OF ARTS SCIENCE FOR WOMEN
tamil nadu,3272,CSI BISHOP NEWBIGIN COLLEGE OF EDUCATION
tamil nadu,3273,STELLA MARY'S COLLEGE OF ENGINEERING
tamil nadu,3274,SYED AMMAL ENGINEERING COLLEGE
tamil nadu,3275,GOVERNMENT ARTS COLLEGE
tamil nadu,3276,JAYA ENGINEERING COLLEGE
tamil nadu,3277,KANDASWAMI KANDAR'S COLLEGE
tamil nadu,3278,ANNAPOORANA ENGINEERING COLLEGE
tamil nadu,3279,CENTRE
tamil nadu,3280,NARAYANAGURU COLLEGE OF ENGINEERING
tamil nadu,3281,MADRAS CHRISTIAN COLLEGE
tamil nadu,3282,SHREE VENKATESHWARA HI-TECH ENGINEERING COLLEGE
tamil nadu,3283,INDRA GANESAN COLLEGE OF ENGINEERING
tamil nadu,3284,KARPAGA VINAYAGA COLLEGE OF NURSING
tamil nadu,3285,RAJAS DENTAL COLLEGE AND HOSPITAL
tamil nadu,3286,RAJALAKSHMI INSTITUTE OF TECHNOLOGY
tamil nadu,3287,RAJALAKSHMI INSTITUTE OF TECHNOLOGY
tamil nadu,3288,JEPPIAAR ENGINEERING COLLEGE
tamil nadu,3289,SARANATHAN COLLEGE OF ENGINEERING
tamil nadu,3290,SHRI KRISHNASWAMY COLLEGE FOR WOMEN
tamil nadu,3291,JANSONS INSTITUTE OF TECHNOLOGY
tamil nadu,3292,SREE ABIRAAMI ARTS AND SCIENCE COLLEGE FOR WOMEN
tamil nadu,3293,MADRAS SCHOOL OF SOCIAL WORK
tamil nadu,3294,SRI PARASAKTHI COLLEGE FOR WOMEN
tamil nadu,3295,J.K.K. MUNIRAJAH COLLEGE OF TECHNOLOGY
tamil nadu,3296,SHANMUGA INDUSTRIES ARTS AND SCIENCE COLLEGE
tamil nadu,3297,PARISUTHAM INSTITUTE OF TECHNOLOGY AND SCIENCE SARDAR VALLABHBHAI PATEL INTERNATIONAL SCHOOL OF TEXTILES AND
tamil nadu,3298,MANAGEMENT
tamil nadu,3299,SYED AMMAL ARTS AND SCIENCE COLLEGE
tamil nadu,3300,NPR COLLEGE OF ENGINEERING AND TECHNOLOGY
tamil nadu,3301,DHARMAPURAM ADHINAM ARTS COLLEGE
tamil nadu,3302,JEPPIAAR INSTITUTE OF TECHNOLOGY
tamil nadu,3303,M.I.E.T. ENGINEERING COLLEGE
tamil nadu,3304,SUGUNA COLLEGE OF ENGINEERING
tamil nadu,3305,PET ENGINEERING COLLEGE
tamil nadu,3306,JNN INSTITUTE OF ENGINEERING
tamil nadu,3307,SWAMI DAYANANDA COLLEGE OF ARTS AND SCIENCE
tamil nadu,3308,BHARATHIDASAN COLLEGE OF ARTS AND SCIENCE
tamil nadu,3309,K S R INSTITUTE FOR ENGINEERING AND TECHNOLOGY
tamil nadu,3310,NEW PRINCE SHRI BHAVANI ARTS AND SCIENCE COLLEGE
tamil nadu,3311,SRI RAMAKRISHNA DENTAL COLLEGE AND HOSPITAL
tamil nadu,3312,"ANJALAI AMMAL MAHALINGAM ENGINEERING COLLEGE, KOVILVENNI"
tamil nadu,3313,BISHOP AMBROSE COLLEGE
tamil nadu,3314,SRI RANGANATHAR INSTITUTE OF ENGINEERING AND TECHNOLOGY
tamil nadu,3315,JAYA COLLEGE OF ARTS AND SCIENCE
tamil nadu,3316,KARPAGA VINAYAGA INSTITUTE OF DENTAL SCIENCES
tamil nadu,3317,"COLLEGE OF NURSING, CHRISTIAN MEDICAL COLLEGE VELLORE"
tamil nadu,3318,AKSHAYA COLLEGE OF ENGINEERING AND TECHNOLOGY
tamil nadu,3319,IDHAYA ENGINEERING COLLEGE FOR WOMEN
tamil nadu,3320,KARUPPANNAN MARIAPPAN COLLEGE
tamil nadu,3321,NEHRU INSTITUTE OF TECHNOLOGY
tamil nadu,3322,MOHAMED SATHAK A.J. COLLEGE OF ENGINEERING
tamil nadu,3323,THE NEW COLLEGE
tamil nadu,3324,AUXILIUM COLLEGE OF ARTS AND SCIENCE FOR WOMEN
tamil nadu,3325,MAR GREGORIOS COLLEGE OF ARTS AND SCIENCE
tamil nadu,3326,DR.R.A.N.M. ARTS AND SCIENCE COLLEGE
tamil nadu,3327,CARE COLLEGE OF ENGINEERING
tamil nadu,3328,SAKTHI COLLEGE OF ARTS AND SCIENCE FOR WOMEN
tamil nadu,3329,MEENAKSHI SUNDARARAJAN ENGINEERING COLLEGE
tamil nadu,3330,"LOYOLA COLLEGE, VETTAVALAM"
tamil nadu,3331,DR. ZAKIR HUSAIN COLLEGE
tamil nadu,3332,ST ALPHONSA COLLEGE OF ARTS AND SCIENCE
tamil nadu,3333,THAMIRABHARANI ENGINEERING COLLEGE
tamil nadu,3334,P.S.V COLLEGE OF ENGINEERING AND TECHNOLOGY
tamil nadu,3335,S.R.M. ARTS AND SCIENCE COLLEGE
tamil nadu,3336,V.S.B. COLLEGE OF ENGINEERING TECHNICAL CAMPUS
tamil nadu,3337,ISLAMIAH COLLEGE (AUTONOMOUS)
tamil nadu,3338,TRINITY COLLEGE FOR WOMEN
tamil nadu,3339,VYSYA COLLEGE
tamil nadu,3340,SHRI NEHRU MAHA VIDYALAYA COLLEGE OF ARTS AND SCIENCE
tamil nadu,3341,V.V.VANNIAPERUMAL COLLEGE FOR WOMEN(AUTONOMOUS)
tamil nadu,3342,A.P.C.MAHALAXMI COLLEGE FOR WOMEN
tamil nadu,3343,KAMARAJ COLLEGE
tamil nadu,3344,YADAVA COLLEGE
tamil nadu,3345,"SREE DEVI KUMARI WOMENS COLLEGE, KUZHITHURAI"
tamil nadu,3346,SRI PARAMAKALYANI COLLEGE
tamil nadu,3347,DWARAKA DOSS GOVERDHAN DOSS VAISHNAV COLLEGE
tamil nadu,3348,THIRUVALLUVAR GOVERNMENT ARTS COLLEGE
tamil nadu,3349,RAJESWARI VEDACHALAM GOVERNMENT ARTS COLLEGE
tamil nadu,3350,ARIGNAR ANNA GOVERNMENT ARTS COLLEGE
tamil nadu,3351,SAIVA BHANU KSHATRIYA COLLEGE
tamil nadu,3352,SREE RAMU COLLEGE OF ARTS AND SCIENCE
tamil nadu,3353,THE MADURAI DIRAVIYAM THAYUMANAVAR HINDU COLLEGE
tamil nadu,3354,HAJEE KARUTHA ROWTHER HOWDIA COLLEGE
tamil nadu,3355,HAJEE KARUTHA ROWTHER HOWDIA COLLEGE
tamil nadu,3356,GOVERNMENT ARTS COLLEGE FOR WOMEN
tamil nadu,3357,C. ABDUL HAKEEM COLLEGE
tamil nadu,3358,C. ABDUL HAKEEM COLLEGE
tamil nadu,3359,CMS COLLEGE OF SCIENCE AND COMMERCE
tamil nadu,3360,GOVERNMENT ARTS COLLEGE
tamil nadu,3361,GOVERNMENT ARTS COLLEGE
tamil nadu,3362,SRI S.RAMASAMY NAIDU MEMORIAL COLLEGE
tamil nadu,3363,DHANRAJ BAID JAIN COLLEGE
tamil nadu,3364,ERODE ARTS AND SCIENCE COLLEGE
tamil nadu,3365,ARUMUGAM PILLAI SEETHAI AMMAL COLLEGE
tamil nadu,3366,SREE AYYAPPA COLLEGE FOR WOMEN
tamil nadu,3367,SRI KUMARA GURUPARA SWAMIGAL ARTS COLLEGE
tamil nadu,3368,KUMARARANI MEENA MUTHIAH COLLEGE OF ARTS AND SCIENCE
tamil nadu,3369,ARULMIGU PALANIANDAVAR COLLEGE OF ARTS AND CULTURE
tamil nadu,3370,RAJAPALAYAM RAJUS' COLLEGE
tamil nadu,3371,"GOVERNMENT ARTS COLLEGE, TIRUCHIRAPPALLI"
tamil nadu,3372,MANNAR THIRUMALAI NAICKER COLLEGE DHARMAMURTHI RAO BAHADUR CALAVALA CUNNAN CHETTY'S HINDU
tamil nadu,3373,COLLEGE
tamil nadu,3374,VIVEKANANDA COLLEGE
tamil nadu,3375,KONGU ARTS AND SCIENCE COLLEGE
tamil nadu,3376,MARUDHAR KESARI JAIN COLLEGE FOR WOMEN
tamil nadu,3377,SENTHAMIL COLLEGE
tamil nadu,3378,AGURCHAND MANMULL JAIN COLLEGE
tamil nadu,3379,SOURASHTRA COLLEGE
tamil nadu,3380,SREE SARASWATHI THYAGARAJA COLLEGE
tamil nadu,3381,ADHIPARASAKTHI COLLEGE OF ARTS AND SCIENCE (AUTONOMOUS)
tamil nadu,3382,KALAI KAVIRI COLLEGE OF FINE ARTS
tamil nadu,3383,URUMU DHANALAKSHMI COLLEGE
tamil nadu,3384,SRI KALISWARI COLLEGE
tamil nadu,3385,REV. JACOB MEMORIAL CHRISTIAN COLLEGE
tamil nadu,3386,MADURAI INSTITUTE OF SOCIAL SCIENCES
tamil nadu,3387,NALLAMUTHU GOUNDER MAHALINGAM COLLEGE
tamil nadu,3388,MEENAKSHI COLLEGE FOR WOMEN
tamil nadu,3389,RATHINAM COLLEGE OF ARTS AND SCIENCE
tamil nadu,3390,SRIMAD ANDAVAN ARTS AND SCIENCE COLLEGE
tamil nadu,3391,DHANALAKSHMI SRINIVASAN COLLEGE OF ARTS AND SCIENCE FOR WOMEN
tamil nadu,3392,VLB JANAKIAMMAL COLLEGE OF ARTS AND SCIENCE
tamil nadu,3393,NAZARETH MARGOSCHIS COLLEGE AT PILLAIYANMANAI
tamil nadu,3394,SELVAMM ARTS AND SCIENCE COLLEGE (AUTONOMOUS)
tamil nadu,3395,SRI VENKATESWARA COLLEGE OF ENGINEERING
tamil nadu,3396,DR.SNS RAJALAKSHMI COLLEGE OF ARTS AND SCIENCE (AUTONOMOUS)
tamil nadu,3397,ARUNAI ENGINEERING COLLEGE
tamil nadu,3398,KUMARAGURU COLLEGE OF TECHNOLOGY VIVEKANANDHA COLLEGE OF ARTS AND SCIENCES FOR
tamil nadu,3399,WOMEN(AUTONOMOUS)
tamil nadu,3400,BANNARI AMMAN INSTITUTE OF TECHNOLOGY
tamil nadu,3401,GURU SHREE SHANTIVIJAI JAIN COLLEGE FOR WOMEN
tamil nadu,3402,SRI KRISHNA ARTS AND SCIENCE COLLEGE
tamil nadu,3403,DR. N.G.P. ARTS AND SCIENCE COLLEGE
tamil nadu,3404,THANTHAI HANS ROEVER COLLEGE
tamil nadu,3405,K.S.RANGASAMY COLLEGE OF ARTS AND SCIENCE
tamil nadu,3406,KOVAI KALAIMAGAL COLLEGE OF ARTS AND SCIENCE
tamil nadu,3407,ADHIPARASAKTHI COLLEGE OF PHARMACY
tamil nadu,3408,PSN COLLEGE OF ENGINEERING AND TECHNOLOGY
tamil nadu,3409,K.S. RANGASAMY COLLEGE OF TECHNOLOGY (AUTONOMOUS)
tamil nadu,3410,K.S. RANGASAMY COLLEGE OF TECHNOLOGY (AUTONOMOUS)
tamil nadu,3411,SEETHALAKSHMI RAMASWAMI COLLEGE
tamil nadu,3412,WOMEN'S CHRISTIAN COLLEGE
tamil nadu,3413,ETHIRAJ COLLEGE FOR WOMEN (AUTONOMOUS)
tamil nadu,3414,A.VEERIYA VANDAYAR MEMORIAL SRI PUSHPAM COLLEGE (AUTONOMOUS)
tamil nadu,3415,GOVERNMENT ARTS COLLEGE (AUTONOMOUS)
tamil nadu,3416,NAZARETH COLLEGE OF ARTS AND SCIENCE
tamil nadu,3417,BHARATHIYAR ARTS AND SCIENCE COLLEGE FOR WOMEN
tamil nadu,3418,PSG COLLEGE OF ARTS AND SCIENCE (AUTONOMOUS)
tamil nadu,3419,SANKARA COLLEGE OF SCIENCE AND COMMERCE
tamil nadu,3420,NANDHA ARTS AND SCIENCE COLLEGE
tamil nadu,3421,NATIONAL ENGINEERING COLLEGE
tamil nadu,3422,V.R.S. COLLEGE OF ENGINEERING AND TECHNOLOGY
tamil nadu,3423,SRI VASAVI COLLEGE
tamil nadu,3424,HINDUSTHAN COLLEGE OF ARTS AND SCIENCE
tamil nadu,3425,MANGAYARKARASI COLLEGE OF ARTS AND SCIENCE FOR WOMEN
tamil nadu,3426,AJK COLLEGE OF ARTS AND SCIENCE
tamil nadu,3427,CHEVALIER T. THOMAS ELIZABETH COLLEGE FOR WOMEN
tamil nadu,3428,PADMAVANI ARTS AND SCIENCE COLLEGE FOR WOMEN
tamil nadu,3429,SRI KRISHNA COLLEGE OF TECHNOLOGY
tamil nadu,3430,IDHAYA COLLEGE FOR WOMEN
tamil nadu,3431,ANNAI COLLEGE OF ARTS AND SCIENCE
tamil nadu,3432,VELALAR COLLEGE OF ENGINEERING AND TECHNOLOGY
tamil nadu,3433,BON SECOURS COLLEGE FOR WOMEN
tamil nadu,3434,SENGAMALA THAYAAR EDUCATIONAL TRUST WOMEN'S COLLEGE
tamil nadu,3435,DR. N. G. P. INSTITUTE OF TECHNOLOGY
tamil nadu,3436,P.S.R.ENGINEERING COLLEGE
tamil nadu,3437,GOJAN SCHOOL OF BUSINESS AND TECHNOLOGY
tamil nadu,3438,MOUNT ZION COLLEGE OF ENGINEERING AND TECHNOLOGY
tamil nadu,3439,MOUNT ZION COLLEGE OF ENGINEERING AND TECHNOLOGY
tamil nadu,3440,PRATHYUSHA ENGINEERING COLLEGE
tamil nadu,3441,PAAVAI ENGINEERING COLLEGE
tamil nadu,3442,THIRUTHANGAL NADAR COLLEGE
tamil nadu,3443,NADAR SARASWATHI COLLEGE OF ARTS AND SCIENCE
tamil nadu,3444,DHANALAKSHMI SRINIVASAN COLLEGE OF ENGINEERING AND TECHNOLOGY
tamil nadu,3445,NANDHA ENGINEERING COLLEGE (AUTONOMOUS)
tamil nadu,3446,PIONEER COLLEGE OF ARTS AND SCIENCE
tamil nadu,3447,PATRICIAN COLLEGE OF ARTS AND SCIENCE
tamil nadu,3448,SRI RAMAKRISHNA COLLEGE OF ARTS AND SCIENCE FOR WOMEN
tamil nadu,3449,ANNAI VIOLET ARTS AND SCIENCE COLLEGE
tamil nadu,3450,ADHIPARASAKTHI DENTAL COLLEGE AND HOSPITAL
tamil nadu,3451,CHETTINAD DENTAL COLLEGE AND RESEARCH INSTITUTE
tamil nadu,3452,VIDHYA SAGAR WOMEN'S COLLEGE
tamil nadu,3453,SELVAM COLLEGE OF TECHNOLOGY
tamil nadu,3454,GNANAMANI COLLEGE OF TECHNOLOGY
tamil nadu,3455,MEPCO SCHLENK ENGINEERING COLLEGE
tamil nadu,3456,RVS COLLEGE OF ENGINEERING AND TECHNOLOGY
tamil nadu,3457,M.KUMARASAMY COLLEGE OF ENGINEERING
tamil nadu,3458,P. S. G. COLLEGE OF PHARMACY
tamil nadu,3459,KG COLLEGE OF ARTS AND SCIENCE
tamil nadu,3460,ANNAI VELANKANNI COLLEGE
tamil nadu,3461,KATHIR COLLEGE OF ENGINEERING
tamil nadu,3462,MAHENDRA COLLEGE OF ENGINEERING
tamil nadu,3463,V.S.B. ENGINEERING COLLEGE
tamil nadu,3464,KARPAGAM COLLEGE OF ENGINEERING
tamil nadu,3465,SHANMUGANATHAN ENGINEERING COLLEGE VEL TECH MULTI TECH DR.RANGARAJAN DR.SAKUNTHALA ENGINEERING
tamil nadu,3466,COLLEGE
tamil nadu,3467,Jai Shriram Engineering College
tamil nadu,3468,PIONEER KUMARSWAMY COLLEGE
tamil nadu,3469,EXCEL ENGINEERING COLLEGE
tamil nadu,3470,M.A.M. SCHOOL OF ENGINEERING
tamil nadu,3471,VIDYAA VIKAS COLLEGE OF ENGINEERING AND TECHNOLOGY
tamil nadu,3472,KINGS COLLEGE OF ENGINEERING
tamil nadu,3473,ER. PERUMAL MANIMEKALAI COLLEGE OF ENGINEERING
tamil nadu,3474,P S N A COLLEGE OF ENGINEERING AND TECHNOLOGY
tamil nadu,3475,KNOWLEDGE INSTITUTE OF TECHNOLOGY
tamil nadu,3476,KINGS ENGINEERING COLLEGE
tamil nadu,3477,NEHRU INSTITUTE OF ENGINEERING AND TECHNOLOGY
tamil nadu,3478,BUILDERS ENGINEERING COLLEGE
tamil nadu,3479,K.S.R. COLLEGE OF ENGINEERING
tamil nadu,3480,DHIRAJLAL GANDHI COLLEGE OF TECHNOLOGY
tamil nadu,3481,THIAGARAJAR SCHOOL OF MANAGEMENT
tamil nadu,3482,SREE SAKTHI ENGINEERING COLLEGE
tamil nadu,3483,CHENDHURAN COLLEGE OF ENGINEERING AND TECHNOLOGY
tamil nadu,3484,JCT COLLEGE OF ENGINEERING AND TECHNOLOGY
tamil nadu,3485,ADITHYA INSTITUTE OF TECHNOLOGY
tamil nadu,3486,NANJIL CATHOLIC COLLEGE OF ARTS AND SCIENCE
tamil nadu,3487,K. C. S. KASI NADAR COLLEGE OF ARTS AND SCIENCE
tamil nadu,3488,NEW PRINCE SHRI BHAVANI COLLEGE OF ENGINEERING AND TECHNOLOGY
tamil nadu,3489,SONA COLLEGE OF TECHNOLOGY
tamil nadu,3490,NAVARASAM ARTS AND SCIENCE COLLEGE FOR WOMEN
tamil nadu,3491,NEHRU MEMORIAL COLLEGE
tamil nadu,3492,A.V.C. COLLEGE OF ENGINEERING
tamil nadu,3493,ADHIYAMAAN COLLEGE OF ENGINNERING
tamil nadu,3494,SHRI SHANKARLAL SUNDARBAI SHASUN JAIN COLLEGE FOR WOMEN
tamil nadu,3495,COIMBATORE INSTITUTE OF MANAGEMENT AND TECHNOLOGY
tamil nadu,3496,SREE SASTHA INSTITUTE OF ENGINEERING AND TECHNOLOGY
tamil nadu,3497,HINDUSTAN COLLEGE OF ARTS AND SCIENCE
tamil nadu,3498,DR. MAHALINGAM COLLEGE OF ENGINEERING AND TECHNOLOGY
tamil nadu,3499,D J ACADEMY FOR MANAGERIAL EXCELLENCE
tamil nadu,3500,AVS COLLEGE OF ARTS AND SCIENCE
tamil nadu,3501,ST. XAVIER'S COLLEGE (AUTONOMOUS)
tamil nadu,3502,MAHENDRA ARTS AND SCIENCE COLLEGE (AUTONOMOUS)
tamil nadu,3503,SRI KANYAKA PARAMESWARI ARTS AND SCIENCE COLLEGE FOR WOMEN
tamil nadu,3504,SRI RAMAKRISHNA ENGINEERING COLLEGE
tamil nadu,3505,KONGU ENGINEERING COLLEGE (AUTONOMOUS)
tamil nadu,3506,MUTHAYAMMAL ENGINEERING COLLEGE (AUTONOMOUS)
tamil nadu,3507,SRI SHANMUGHA COLLEGE OF ENGINEERING AND TECHNOLOGY SRI RAMAKRISHNA MISSION VIDYALAYA MARUTHI COLLEGE OF PHYSICAL
tamil nadu,3508,EDUCATION
tamil nadu,3509,ST. XAVIER'S COLLEGE OF EDUCATION (AUTONOMOUS)
tamil nadu,3510,ST. CHRISTOPHER'S COLLEGE OF EDUCATION (Autonomous)
tamil nadu,3511,N.K.T.NATIONAL COLLEGE OF EDUCATION FOR WOMEN (AUTONOMOUS)
tamil nadu,3512,ST. IGNATIUS COLLEGE OF EDUCATION (AUTONOMOUS)
tamil nadu,3513,ANNAMMAL COLLEGE OF EDUCATION FOR WOMEN
tamil nadu,3514,DHANALAKSHMI SRINIVASAN COLLEGE OF EDUCATION
tamil nadu,3515,IMMANUEL ARASAR COLLEGE OF EDUCATION
tamil nadu,3516,AVANTHI INSTITUTE OF ENGINEERING & TECHNOLOGY
tamil nadu,3517,JOGINPALLY B.R.ENGINEERING COLLEGE
tamil nadu,3518,JOGINPALLY B.R.ENGINEERING COLLEGE
tamil nadu,3519,BHARAT INSTITUTE OF TECHNOLOGY
tamil nadu,3520,SVS GROUP OF INSTITUTIONS
tamil nadu,3521,RAJA BAHADUR VENKAT RAMA REDDY WOMEN'S COLLEGE
tamil nadu,3522,HYDERABAD INSTITUTE OF TECHNOLOGY AND MANAGEMENT
tamil nadu,3523,HYDERABAD INSTITUTE OF TECHNOLOGY AND MANAGEMENT
tamil nadu,3524,BHARAT INSTITUTE OF ENGINEERING AND TECHNOLOGY
tamil nadu,3525,CMR TECHNICAL CAMPUS
tamil nadu,3526,ST. FRANCIS COLLEGE FOR WOMEN (AUTONOMOUS)
tamil nadu,3527,SIDDHARTHA INSTITUTE OF TECHNOLOGY AND SCIENCES
telangana,3528,SIDDHARTHA INSTITUTE OF TECHNOLOGY AND SCIENCES
telangana,3529,BALAJI INSTITUTE OF TECHNOLOGY AND SCIENCE
telangana,3530,BALAJI INSTITUTE OF TECHNOLOGY AND SCIENCE
telangana,3531,MALLA REDDY INSTITUTE OF ENGINEERING AND TECHNOLOGY
telangana,3532,MALLA REDDY INSTITUTE OF ENGINEERING AND TECHNOLOGY
telangana,3533,MALLA REDDY COLLEGE OF ENGINEERING
telangana,3534,CMR INSTITUTE OF TECHNOLOGY
telangana,3535,VIGNAN INSTITUTE OF TECHNOLOGY AND SCIENCE
telangana,3536,SWARNA BHARATHI INSTITUTE OF SCIENCE AND TECHNOLOGY
telangana,3537,AURORA'S TECHNOLOGICAL AND RESEARCH INSTITUTE
telangana,3538,MALLA REDDY INSTITUTE OF TECHNOLOGY AND SCIENCE
telangana,3539,MALLA REDDY INSTITUTE OF TECHNOLOGY AND SCIENCE
telangana,3540,NALLA NARASIMHA REDDY EDUCATION SOCIETY'S GROUP OF INSTITUTIONS
telangana,3541,NALLA NARASIMHA REDDY EDUCATION SOCIETY'S GROUP OF INSTITUTIONS
telangana,3542,AVN INSTITUTE OF ENGINEERING AND TECHNOLOGY
telangana,3543,AVN INSTITUTE OF ENGINEERING AND TECHNOLOGY
telangana,3544,SRI INDU COLLEGE OF ENGINEERING AND TECHNOLOGY
telangana,3545,CMR ENGINEERING COLLEGE
telangana,3546,KAKATIYA INSTITUTE OF TECHNOLOGY AND SCIENCE
telangana,3547,AURORA'S SCIENTIFIC TECHNOLOGICAL AND RESEARCH ACADEMY
telangana,3548,MAHATMA GANDHI INSTITUTE OF TECHNOLOGY
telangana,3549,SAMSKRUTI COLLEGE OF ENGINEERING AND TECHNOLOGY
telangana,3550,SAMSKRUTI COLLEGE OF ENGINEERING AND TECHNOLOGY
telangana,3551,CHAITANYA COLLEGE OF PHARMACY EDUCATION AND RESEARCH
telangana,3552,AURORA'S PG COLLEGE (MBA)
telangana,3553,AURORA'S POST GRADUATE COLLEGE(MBA)
telangana,3554,SAMSKRUT ICOLLEGE OF PHARMACY
telangana,3555,SREE DATTHA INSTITUTE OF ENGINEERING AND SCIENCE
telangana,3556,SREE DATTHA INSTITUTE OF ENGINEERING AND SCIENCE
telangana,3557,KESHAV MEMORIAL INSTITUTE OF TECHNOLOGY
telangana,3558,AURORA'S PG COLLEGE (MCA)
telangana,3559,CHAITANYA INSTITUTE OF TECHNOLOGY AND SCIENCE
telangana,3560,K.G. REDDY COLLEGE OF ENGINEERING AND TECHNOLOGY
telangana,3561,K.G. REDDY COLLEGE OF ENGINEERING AND TECHNOLOGY
telangana,3562,AURORA'S ENGINEERING COLLEGE
telangana,3563,AVANTHI INSTITUTE OF PHARMACEUTICAL SCIENCES
telangana,3564,AURORA'S DEGREE & PG COLLEGE
telangana,3565,SCIENT INSTITUTE OF TECHNOLOGY
telangana,3566,ASHOKA INSTIUTE OF ENGINEERING AND TECHNOLOGY
telangana,3567,TEEGALA KRISHNA REDDY ENGINEERING COLLEGE
telangana,3568,BADRUKA COLLEGE OF COMMERCE AND ARTS
telangana,3569,ANURAG ENGINEERING COLLEGE
telangana,3570,MATURI VENKATA SUBBA RAO ENGINEERING COLLEGE
telangana,3571,NAWAB SHAH ALAM KHAN COLLEGE OF ENGINEERING AND TECHNOLOGY
telangana,3572,NAWAB SHAH ALAM KHAN COLLEGE OF ENGINEERING AND TECHNOLOGY
telangana,3573,STANLEY COLLEGE OF ENGINEERING AND TECHNOLOGY FOR WOMEN
telangana,3574,KAMALA INSTITUTE OF TECHNOLOGY AND SCIENCE
telangana,3575,KAMALA INSTITUTE OF TECHNOLOGY AND SCIENCE MILITARY COLLEGE OF ELECTRONICS & MECHANICAL
telangana,3576,"ENGINEERING,SECUNDERABAD"
telangana,3577,SREE DATTHA INSTITUTE OF PHARMACY
telangana,3578,TALLA PADMAVATHI COLLEGE OF ENGINEERING
telangana,3579,SRI INDU INSTITUTE OF ENGINEERING AND TECHNOLOGY
telangana,3580,"GOVERNMENT DEGREE COLLEGE, MANUGURU"
telangana,3581,AVANTHI DEGREE AND PG COLLEGE
telangana,3582,BVRIT HYDERABAD COLLEGE OF ENGINEERING FOR WOMEN
telangana,3583,SHADAN WOMEN'S COLLEGE OF ENGINEERING AND TECHNOLOGY
telangana,3584,MUFFAKHAM JAH COLLEGE OF ENGINEERING AND TECHNOLOGY
telangana,3585,VAAGDEVI COLLEGE OF ENGINEERING
telangana,3586,VASAVI COLLEGE OF ENGINEERING
telangana,3587,SRIDEVI WOMEN'S ENGINEERING COLLEGE
telangana,3588,SRIDEVI WOMEN'S ENGINEERING COLLEGE
telangana,3589,GURU NANAK INSTITUTE OF TECHNOLOGY
telangana,3590,GLOBAL INSTITUTE OF ENGINEERING AND TECHNOLOGY
telangana,3591,JYOTHISHMATHI INSTITUTE OF TECHNOLOGY AND SCIENCE
telangana,3592,METHODIST COLLEGE OF ENGINEERING AND TECHNOLOGY
telangana,3593,"NEW GOVT. DEGREE COLLEGE FOR WOMEN,GOLCONDA"
telangana,3594,"GOVT. DEGREE COLLEGE ,CHENNOOR"
telangana,3595,"KNM GOVT.DEGREE COLLEGE, MIRYALAGUDA"
telangana,3596,GOVERNMENT DEGREE COLLEGE MORTHAD
telangana,3597,"GOVERNMENT DEGREE COLLEGE, HUZURNAGAR"
telangana,3598,GOVERNMENT DEGREE COLLEGE FOR WOMEN GAJWEL
telangana,3599,"GOVERNMENT. DEGREE COLLEGE, DHARPALLY, NIZAMABAD"
telangana,3600,GOVERNMENT DEGREE COLLEGE- NARAYANKHED
telangana,3601,"GOVT.DEGREE COLLEGE, PATANCHERU"
telangana,3602,GOVERNMENT DEGREE COLLEGE YELLAREDDY
telangana,3603,"KHAMMAM INSTITUTE OF TECHNOLOGY AND SCIENCES GOVERNMENT DEGREE COLLEGE ALAIR,YADADRI BHONGIR-"
telangana,3604,DIST.TELANGANA
telangana,3605,"GOVERNMENT DEGREE COLLEGE FOR WOMEN, SIDDIPET"
telangana,3606,SHADAN COLLEGE OF ENGINEERING AND TECHNOLOGY
telangana,3607,GOVERNMENT DEGREE COLLEGE FOR WOMEN
telangana,3608,"GOVERNMENT DEGREE COLLEGE, HAYATHNAGAR"
telangana,3609,NAGARJUNA GOVERNMENT COLLEGE
telangana,3610,"GOVERNMENT DEGREE COLLEGE FOR WOMEN, BEGUMPET"
telangana,3611,G.PULLA REDDY COLLEGE OF PHARMACY
telangana,3612,MEGHA INSTITUTE OF ENGINEERING AND TECHNOLOGY FOR WOMEN
telangana,3613,KAVITHA MEMORIAL DEGREE COLLEGE
telangana,3614,"GOPAL RAO PATEL GOVERNMENT DEGREE COLLEGE, BHAINSA"
telangana,3615,GOVT DEGREE COLLEGE UTNOOR
telangana,3616,"GOVERNMENT DEGREE COLLEGE,BELLAMPALLY"
telangana,3617,"GOVERNMENT DEGREE COLLEGE, LUXETTIPET"
telangana,3618,GOVERNMENT DEGREE COLLEGE NARSAPUR
telangana,3619,"GIRRAJ GOVT COLLEGE (AUTONOMOUS) NIZAMABAD, TELANGANA"
telangana,3620,GEETHANJALI COLLEGE OF PHARMACY
telangana,3621,"GOVERNMENT DEGREE COLLEGE , KOLLAPUR"
telangana,3622,"GOVERNMENT DEGREE COLLEGE, KALWAKURTHY"
telangana,3623,"GOVERNMENT DEGREE COLLEGE, SHANTHINAGAR"
telangana,3624,GOVERNMENT CITY COLLEGE (AUTONOMOUS)
telangana,3625,JNTUH COLLEGE OF ENGINEERING
telangana,3626,GOVERNMENT DEGREE COLLEGE(SCIENCES) NAGARKURNOOL
telangana,3627,GOVERNAMENT DEGREE COLLEGE ARTS AND COMMERCE
telangana,3628,MATRUSRI ENGINEERING COLLEGE
telangana,3629,ELLENKI COLLEGE OF ENGINEERING AND TECHNOLOGY
telangana,3630,SRI INDU INSTITUTE OF PHARMACY
telangana,3631,N. T. R. GOVERNMENT DEGREE COLLEGE FOR WOMEN
telangana,3632,JAYAMUKHI INSTITUTE OF TECHNOLOGICAL SCIENCES
telangana,3633,SVS INSTITUTE OF DENTAL SCIENCES
telangana,3634,SIDDHARTHA INSTITUTE OF ENGINEERING AND TECHNOLOGY
telangana,3635,ST. PAULS COLLEGE OF PHARMACY
telangana,3636,VAAGDEVI ENGINEERING COLLEGE
telangana,3637,CHILKUR BALAJI COLLEGE OF PHARMACY
telangana,3638,JAYAMUKHI COLLEGE OF PHARMACY
telangana,3639,PRATISHTA INSTITUTE OF PHARMACEUTICAL SCIENCES
telangana,3640,VAAGDEVI PHARMACY COLLEGE
telangana,3641,VAAGESWARI COLLEGE OF ENGINEERING
telangana,3642,VAAGDEVI DEGREE AND PG COLLEGE
telangana,3643,"GOVERNMENT DEGREE COLLEGE, KODANGAL"
telangana,3644,"A .V. COLLEGE OF ARTS, SCIENCE AND COMMERCE"
telangana,3645,GOVERNMENT ARTS AND SCIENCE COLLEGE
telangana,3646,ANDHRA MAHILA SABHA ARTS AND SCIENCE COLLEGE FOR WOMEN
telangana,3647,NIZAM COLLEGE (AUTONOMOUS)
telangana,3648,GOVERNMENT DEGREE COLLEGE
telangana,3649,"GOVT. DEGREE COLLEGE FOR WOMEN, HUSSAINIALAM, HYDERABAD"
telangana,3650,GOVERNMENT DEGREE COLLEGE FOR WOMEN
telangana,3651,KAKATIYA GOVERNMENT COLLEGE
telangana,3652,KAKATIYA GOVERNMENT COLLEGE
telangana,3653,LOYOLA ACADEMY
telangana,3654,SAROJINI NAIDU VANITA MAHA VIDYALAYA
telangana,3655,MVS GOVERNMENT ARTS AND SCIENCE COLLEGE
telangana,3656,GOVERNMENT DEGREE COLLEGE
telangana,3657,"GOVERNMENT DEGREE COLLEGE,PEDDAPALLI"
telangana,3658,GOVERNMENT DEGREE COLLEGE GAJWEL
telangana,3659,JVR GOVERNMENT COLLEGE
telangana,3660,GOVERNMENT DEGREE COLLEGE
telangana,3661,SRI VENKATESHWARA GOVERNMENT ARTS AND SCIENCE COLLEGE
telangana,3662,KRR GOVERNMENT ARTS AND SCIENCE COLLEGE
telangana,3663,GOVT DEGREE COLLEGE MEDAK
telangana,3664,"GOVERNMENT DEGREE COLLEGE FOR WOMEN, NALGONDA"
telangana,3665,"M.A.L.D GOVT.DEGREE COLLEGE,GADWAL"
telangana,3666,GOVERNMENT DEGREE COLLEGE MANCHERIAL
telangana,3667,ST.ANN'S COLLEGE FOR WOMEN
telangana,3668,S.K.N.R GOVERNMENT ARTS AND SCIENCE COLLEGE JAGTIAL
telangana,3669,GOVERNMENT DEGREE COLLEGE
telangana,3670,"INDIRA PRIYADARSHINI GOVERNMENT DEGREE COLLEGE FOR WOMEN M.K.R. GOVERNMENT DEGREE COLLEGE DEVARKONDA, DIST. NALGONDA,"
telangana,3671,"AFFILIATED TO MAHATMA GANDHI UNIVERSITY, TELANGANA"
telangana,3672,S. R. GOVERNMENT ARTS AND SCIENCE COLLEGE
telangana,3673,GOVERNMENT DEGREE COLLEGE-YELLANDU
telangana,3674,GOVERNMENT DEGREE COLLEGE
telangana,3675,GOVERNMENT DEGREE COLLEGE RAMANNAPET
telangana,3676,GOVERNMENT DEGREE COLLEGE AGRAHARAM
telangana,3677,GOVERNMENT DEGREE COLLEGE BODHAN
telangana,3678,"GOVT. DEGREE COLLEGE, GODAVARIKHANI."
telangana,3679,GOVERNMENT DEGREE COLLEGE
telangana,3680,ABV GOVERNMENT DEGREE COLLEGE
telangana,3681,GOVERNMENT DEGREE COLLEGE
telangana,3682,NEHRU MEMORIAL GOVERNMENT DEGREE COLLEGE
telangana,3683,"GOVERNMENT DEGREE COLLEGE, JAMMIKUNTA"
telangana,3684,"GOVERNMENT DEGREE COLLEGE FOR WOMEN, WANAPARTHY"
telangana,3685,"GOVERNMENT DEGREE COLLEGE, MAHABUBABAD"
telangana,3686,GOVERNMENT DEGREE COLLEGE
telangana,3687,GOVT DEGREE COLLEGE FOR WOMEN
telangana,3688,ST MARY'S COLLEGE
telangana,3689,ST. JOSEPH'S DEGREE AND PG COLLEGE (AUTONOMOUS)
telangana,3690,MALLA REDDY ENGINEERING COLLEGE (AUTONOMOUS)
telangana,3691,COLLEGE OF DEFENCE MANAGEMENT
telangana,3692,MAMATA EDUCATIONAL SOCIETY'S MAMATA DENTAL COLLEGE
telangana,3693,J. B. INSTITUTE OF ENGINEERING AND TECHNOLOGY
telangana,3694,SARDAR PATEL COLLEGE
telangana,3695,B V RAJU INSTITUTE OF TECHNOLOGY
telangana,3696,GOVERNMENT DEGREE COLLEGE
telangana,3697,"GOVERNMENT DEGREE COLLEGE, KORATLA"
telangana,3698,SIVA SIVANI INSTITUTE OF MANAGEMENT
telangana,3699,CMR COLLEGE OF ENGINEERING & TECHNOLOGY
telangana,3700,"GOVERNMENT DEGREE COLLEGE, ETURNAGARAM"
telangana,3701,MALLA REDDY COLLEGE OF ENGINEERING AND TECHNOLOGY
telangana,3702,VARDHAMAN COLLEGE OF ENGINEERING
telangana,3703,ANNAMACHARYA INSTITUTE OF TECHNOLOGY AND SCIENCES
telangana,3704,VIGNANA BHARATHI INSTITUTE OF TECHNOLOGY
telangana,3705,GOVERNMENT DEGREE COLLEGE ZAHEERABAD
telangana,3706,SPHOORTHY ENGINEEIRNG COLLEGE
telangana,3707,"SRI LAKSHMI NARASIMHA SWAMY COLLEGE, BHONGIR BABU JAGJIVAN RAM GOVERNMENT DEGREE, VITTALWADI,"
telangana,3708,"NARYANAGUDA, HYDERABAD."
telangana,3709,VIVEKANANDA GOVERNMENT DEGREE COLLEGE
telangana,3710,GOVT. DEGREE COLLEGE BICHKUNDA
telangana,3711,CVR COLLEGE OF ENGINEERING
telangana,3712,GOVERNMENT DEGREE COLLEGE FOR WOMEN
telangana,3713,ARMY COLLEGE OF DENTAL SCIENCES
telangana,3714,GEETHANJALI COLLEGE OF ENGINEERING AND TECHNOLOGY
telangana,3715,"SRNK GOVERNMENT DEGREE COLLEGE,BANSWADA"
telangana,3716,ST.MARTIN'S ENGINEERING COLLEGE
telangana,3717,VISHNU INSTITUTE OF PHARMACEUTICAL EDUCATION AND RESEARCH
telangana,3718,SREYAS INSTITUTE OF ENGINEERING AND TECHNOLOGY
telangana,3719,"KOMMURI PRATAP REDDY INSTITUTE OF TECHNOLOGY BHAVAN'S VIVEKANANDA COLLEGE OF SCIENCE,HUMANITIES AND"
telangana,3720,COMMERCE
telangana,3721,ST. PIOUS X DEGREE & PG COLLEGE FOR WOMEN VALLURUPALLI NAGESWARA RAO VIGNANA JYOTHI INSTITUTE OF
telangana,3722,ENGINEERING AND TECHNOLOGY
telangana,3723,SREENIDHI INSTITUTE OF SCIENCE AND TECHNOLOGY
telangana,3724,GOKARAJU RANGARAJU INSTITUTE OF ENGINEERING AND TECHNOLOGY
telangana,3725,GOKARAJU RANGARAJU INSTITUTE OF ENGINEERING AND TECHNOLOGY
telangana,3726,"GOVERNMENT DEGREE COLLEGE, PALONCHA"
telangana,3727,"GOVERNMENT DEGREE COLLEGE, MANTHANI.PEDDAPALLI DISTRIC"
telangana,3728,VIDYA JYOTHI INSTITUTE OF TECHNOLOGY
telangana,3729,ST. ANN'S COLLEGE OF EDUCATION(AUTONOMOUS)
telangana,3730,GHULAM AHMED COLLEGE OF EDUCATION
telangana,3731,BIR BIKRAM MEMORIAL COLLEGE
telangana,3732,"GOVERNMENT DEGREE COLLEGE, KANCHANPUR"
telangana,3733,MICHAEL MADHUSUDAN DUTTA COLLEGE
telangana,3734,SACHIN DEB BARMAN MEMORIAL GOVT MUSIC COLLEGE
telangana,3735,"GOVERNMENT DEGREE COLLEGE, TELIAMURA"
telangana,3736,"GOVERNMENT DEGREE COLLEGE, SANTIRBAZAR, SOUTH TRIPURA"
telangana,3737,GOVERNMENT DEGREE COLLEGE KHUMULWNG
telangana,3738,GOVT. DEGREE COLLEGE GANDACHERRA
telangana,3739,SWAMI VIVEKANANDA MAHAVIDYALAYA
tripura,3740,ADWAITA MALLA BARMAN SMRITI MAHAVIDYALAYA
tripura,3741,KABI NAZRUL MAHAVIDYALAYA
tripura,3742,RABINDRANATH THAKUR MAHAVIDYALAYA
tripura,3743,RAMKRISHNA MAHAVIDYALAYA
tripura,3744,ISWAR CHANDRA VIDYASAGAR COLLEGE
tripura,3745,RAMTHAKUR COLLEGE
tripura,3746,NETAJI SUBHASH MAHAVIDYALAYA
tripura,3747,DASARATHA DEB MEMORIAL COLLEGE
tripura,3748,AMBEDKAR COLLEGE
tripura,3749,GOVERNMENT DEGREE COLLEGE
tripura,3750,SAKALDIHA PG COLLEGE
tripura,3751,"RAMABAI AMBEDKAR GOVT DEGREE COLLEGE GAJRAULA, AMROHA"
tripura,3752,"I I M T COLLEGE OF ENGINEERING, GREATER NOIDA, UP"
tripura,3753,"R K (PG) COLLEGE , SHAMLI"
tripura,3754,"LALA KISHAN CHAND RAJKIYA MAHAVIDHALAYA GANGOH , SAHARANPUR"
tripura,3755,"GOVT DEGREE COLLEGE MANIKPUR,CHITRAKOOT,UTTAR PRADESH"
tripura,3756,B.N.V. COLLEGE
tripura,3757,ATARRA POST GRADUATE COLLEGE
tripura,3758,"CHAUDHARY CHHOTU RAM POST-GRADUATE COLLEGE, MUZAFFARNAGAR"
tripura,3759,SHRI BHAWANAND SANSKRIT MAHAVIDYALAYA
tripura,3760,DR. GAUR HARI SINGHANIA INSTITUTE OF MANAGEMENT AND RESEARCH
tripura,3761,K PM GOVERNMENT WOMEN'S DEGREE COLLEGE AURAI BHADOHI
tripura,3762,NOIDA COLLEGE OF PHYSICAL EDUCATION
tripura,3763,RAJADEVI DEGREE COLLEGE
tripura,3764,MEERUT INSTITUTE OF ENGINEERING AND TECHNOLOGY
tripura,3765,SHIA POST GRADUATE COLLEGE
tripura,3766,KALICHARAN DEGREE COLLEGE
tripura,3767,"BAPU POST GRADUATE COLLEGE PIPIGANJ, GORAKHPUR UP"
tripura,3768,GOEL INSTITUTE OF HIGHER STUDIES MAHAVIDYALAYA
tripura,3769,INDERPRASTHA ENGINEERING COLLEGE
uttar pradesh,3770,"SANT VINOBA POST GRADUATE COLLEGE,DEORIA"
uttar pradesh,3771,CHANDRAKANTI RAMAWATI DEVI ARYA MAHILA P.G. COLLEGE GORAKHPUR
uttar pradesh,3772,CHANDRA BHANU GUPTA KRISHI SNATKOTTAR MAHAVIDYALAYA
uttar pradesh,3773,JAIN KANYA PATHSHALA (P.G.) COLLEGE
uttar pradesh,3774,ROYAL COLLEGE OF LAW
uttar pradesh,3775,I.T.S INSTITUTE OF HEALTH AND ALLIED SCIENCES
uttar pradesh,3776,"VIVEK COLLEGE OF EDUCATION, BIJNOR"
uttar pradesh,3777,MANGALMAY INSTITUTE OF MANAGEMENT TECHNOLOGY
uttar pradesh,3778,"BHAGWAN AADINATH COLLEGE OF EDUCATION, MAHARRA, LALITPUR (UP)"
uttar pradesh,3779,SMT MAHADEVI MAHAVIDHYALAYA
uttar pradesh,3780,ASIAN SCHOOL OF BUSINESS
uttar pradesh,3781,"SUNBEAM COLLEGE FOR WOMEN, BHAGWANPUR, LANKA, VARANASI"
uttar pradesh,3782,"JAIPURIA INSTITUTE OF MANAGEMENT, GHAZIABAD BABA EDUCATIONAL SOCIETY, INSTITUTE OF PARAMEDICAL, COLLEGE OF"
uttar pradesh,3783,NURSING
uttar pradesh,3784,MORADABAD INSTITUTE OF TECHNOLOGY
uttar pradesh,3785,PAHALWAN GURUDEEN MAHILA MAHAVIDYALAYA
uttar pradesh,3786,SATYAM COLLEGE OF EDUCATION
uttar pradesh,3787,"RAJAT MAHILA MAHAVIDYALAYA, AMBEDKAR NAGAR"
uttar pradesh,3788,ADARSH JANTA MAHAVIDYALAYA DEVKALI KHERI
uttar pradesh,3789,SAI MEER DEGREE COLLEGE
uttar pradesh,3790,MAJOR SHIVDAYAL SINGH MAHAVIDYALAYA
uttar pradesh,3791,"S.R. COLLEGE OF PROFESSIONAL STUDIES, AMBABAI, JHANSI"
uttar pradesh,3792,ISHAN INSTITUTE OF LAW
uttar pradesh,3793,JAMIA URDU COLLEGE OF EDUCATION
uttar pradesh,3794,"RAMA MEDICAL COLLEGE HOSPITAL AND RESEARCH CENTRE, HAPUR"
uttar pradesh,3795,RSD ACADEMY GIRLS DEGREE COLLEGE
uttar pradesh,3796,INSTITUTE OF APPLIED MEDICINES AND RESEARCH
uttar pradesh,3797,MEERUT INSTITUTE OF TECHNOLOGY
uttar pradesh,3798,CHAUDHARY SUGHAR SINGH EDUCATIONAL ACADEMY
uttar pradesh,3799,INSTITUTE OF PROFESSIONAL EXCELLENCE & MANAGEMENT
uttar pradesh,3800,DR. K.N. MODI INSTITUTE OF ENGINEERING AND TECHNOLOGY DR. K.N. MODI INSTITUTE OF PHARMACEUTICAL EDUCATION AND
uttar pradesh,3801,RESEARCH
uttar pradesh,3802,DR B R AMBEDKAR MAHAVIDYALYA GIRWAN BANDA
uttar pradesh,3803,ASIAN LAW COLLEGE
uttar pradesh,3804,"CHRIST CHURCH COLLEGE, KANPUR"
uttar pradesh,3805,SHRI MADHAV COLLEGE OF EDUCATION AND TECHNOLOGY HAPUR
uttar pradesh,3806,ALLENHOUSE INSTITUTE OF TECHNOLOGY
uttar pradesh,3807,LUCKNOW PUBLIC COLLEGE OF PROFESSIONAL STUDIES
uttar pradesh,3808,HAMIDIA GIRLS DEGREE COLLEGE
uttar pradesh,3809,ISABELLA THOBURN COLLEGE
uttar pradesh,3810,GOVERNMENT RAZA POST GRADUATE COLLEGE
uttar pradesh,3811,SADANLAL SANWALDAS KHANNA MAHILA MAHAVIDYALAYA
uttar pradesh,3812,MULTANIMAL MODI COLLEGE MODINAGAR
uttar pradesh,3813,RAGHUNATH GIRLS' POST GRADUATE COLLEGE
uttar pradesh,3814,ARYA KANYA DEGREE COLLEGE
uttar pradesh,3815,"MEERUT COLLEGE, MEERUT"
uttar pradesh,3816,"BHAVAN'S MEHTA MAHAVIDYALAYA, BHARWARI, KAUSHAMBI, U.P., INDIA"
uttar pradesh,3817,"UDAI PRATAP COLLEGE, VARANASI"
uttar pradesh,3818,BAIKUNTHI DEVI KANYA MAHAVIDHYALYA AGRA
uttar pradesh,3819,"DEVA NAGRI COLLEGE, MEERUT"
uttar pradesh,3820,DEEN DAYAL UPADHYAY GOVERNMENT POST GRADUATE COLLEGE
uttar pradesh,3821,SRI TIKA RAM KANYA MAHAVIDYALAYA
uttar pradesh,3822,DIGVIJAI NATH POST GRADUATE COLLEGE
uttar pradesh,3823,SHRI VARSHNEY COLLEGE
uttar pradesh,3824,GINNI DEVI MODI GIRLS PG COLLEGE
uttar pradesh,3825,ISWAR SARAN DEGREE COLLEGE
uttar pradesh,3826,KANPUR VIDYA MANDIR MAHILA MAHAVIDYALAYA
uttar pradesh,3827,IMS ENGINEERING COLLEGE
uttar pradesh,3828,BRAHMANAND POST GRADUATE COLLEGE
uttar pradesh,3829,MAHATMA GANDHI POST GRADUATE COLLEGE
uttar pradesh,3830,KANOHAR LAL SNATAKOTTAR MAHILA MAHAVIDYALAYA MEERUT
uttar pradesh,3831,"Shree Guru Tegh Bahadur Sahib Govt. Degree College,Bilaspur,Rampur"
uttar pradesh,3832,"MAHARANI LAL KUNWARI POST GRADUATE COLLEGE, BALRAMPUR- (U.P.)"
uttar pradesh,3833,VIDYA MANDIR DEGREE COLLEGE
uttar pradesh,3834,INSTITUTE OF TECHNOLOGY AND SCIENCE
uttar pradesh,3835,"NANAKCHAND ANGLO SANSKRIT COLLEGE, MEERUT"
uttar pradesh,3836,INSTITUTE OF MANAGEMENT EDUCATION
uttar pradesh,3837,R.S.D. ACADEMY
uttar pradesh,3838,"RANI BHAGYAWATI DEVI MAHILA MAHAVIDYALAYA, BIJNOR"
uttar pradesh,3839,"JAIPURIA INSTITUTE OF MANAGEMENT, LUCKNOW"
uttar pradesh,3840,JAIPURIA INSTITUTE OF MANAGEMENT
uttar pradesh,3841,NATIONAL POST GRADUATE COLLEGE (AUTONOMOUS)
uttar pradesh,3842,"I. T. S. DENTAL COLLEGE, HOSPITAL AND RESEARCH CENTRE"
uttar pradesh,3843,I. P. E. M. LAW ACADEMY
uttar pradesh,3844,DR. M.P.S. MEMORIAL COLLEGE OF BUSINESS STUDIES
uttar pradesh,3845,ARMY INSTITUTE OF MANAGEMENT AND TECHNOLOGY GREATER NOIDA
uttar pradesh,3846,INSTITUTE OF MANAGEMENT STUDIES
uttar pradesh,3847,"SHRI RAM COLLEGE, MUZAFFARNAGAR"
uttar pradesh,3848,ABES ENGINEERING COLLEGE
uttar pradesh,3849,K. N. GOVT. PG COLLEGE
uttar pradesh,3850,KIET GROUP OF INSTITUTIONS
uttar pradesh,3851,SATYAM FASHION INSTITUTE
uttar pradesh,3852,ARYA MAHILA P. G. COLLEGE
uttar pradesh,3853,"GOKUL DAS HINDU GIRLS COLLEGE, MORADABAD"
uttar pradesh,3854,KM. MAYAWATI GOVERNMENT GIRLS POST GRADUATE COLLEGE
uttar pradesh,3855,GANDHI FAIZ-E-AAM COLLEGE
uttar pradesh,3856,PANDIT DEEN DAYAL UPADHYAY GOVERNMENT GIRLS' DEGREE COLLEGE
uttar pradesh,3857,KAMLA NEHRU INSTITUTE OF PHYSICAL AND SOCIAL SCIENCES
uttar pradesh,3858,RAMA DEVI KANYA MAHAVIDYALAYA
uttar pradesh,3859,ROYAL EDUCATIONAL INSTITUTE SHAHEED DURGA MALL GOVERNMENT POST GRADUATE COLLEGE
uttar pradesh,3860,"DOIWALA LAXMAN SINGH MEHAR GOVT. POST GRADUATE COLLEGE, DISTRICT-"
uttar pradesh,3861,"PITHORAGARH, UTTARAKHAND"
uttar pradesh,3862,RADHEY HARI GOVERNMENT P.G. COLLEGE
uttar pradesh,3863,GOVERNMENT POST GRADUATE COLLEGE BERINAG
uttar pradesh,3864,R.C.U GOVT. P.G COLLEGE
uttar pradesh,3865,D. A. V. (P.G.) COLLEGE
uttar pradesh,3866,DOLPHIN (P. G.) INSTITUTE OF BIO-MEDICAL AND NATURAL SCIENCES
uttar pradesh,3867,CHANDRAWATI TEWARI KANYA SNATKOTTAR MAHAVIDYALAYA KASHIPUR
uttarakhand,3868,COLLEGE OF ENGINEERING ROORKEE
uttarakhand,3869,RAJKIYA MAHAVIDYALAYA TANAKPUR
uttarakhand,3870,TULAS INSTITUTE
uttarakhand,3871,METHODIST GIRLS DEGREE COLLEGE CIVIL LINE ROORKEE
uttarakhand,3872,CHAMAN LAL MAHAVIDHYALAYA
uttarakhand,3873,PNG GOVT. P G COLLEGE RAMNAGAR
uttarakhand,3874,S. V. GOVERNMENT P. G. COLLEGE
uttarakhand,3875,MOTI RAM BABU RAM GOVERNMENT POST GRADUATE COLLEGE
uttarakhand,3876,D.B.S. (P.G.) COLLEGE DEHRADUN
uttarakhand,3877,SHRI GURU RAM RAI (P.G.) COLLEGE SRI SANATAN DHARAM PRAKASH CHAND KANYA SNATKOTTAR
uttarakhand,3878,MAHAVIDYALAYA
uttarakhand,3879,"APB GOVERNMENT POST GRADUATE COLLEGE, AGASTYAMUNI"
uttarakhand,3880,BANIPUR MAHILA MAHAVIDYALAYA
uttarakhand,3881,INDIAN INSTITUTE OF LEGAL STUDIES
uttarakhand,3882,KRISHNA CHANDRA COLLEGE
uttarakhand,3883,INSTITUTE OF GENETIC ENGINEERING
uttarakhand,3884,LORETO COLLEGE
uttarakhand,3885,NARAJOLE RAJ COLLEGE
west bengal,3886,"NSHM KNOWLEDGE CAMPUS, KOLKATA - GROUP OF INSTITUTIONS REGENT EDUCATION AND RESEARCH FOUNDATION GROUP OF"
west bengal,3887,INSTITUTIONS
west bengal,3888,KALYANI MAHAVIDYALAYA
west bengal,3889,TAKI GOVERNMENT COLLEGE
west bengal,3890,JALPAIGURI GOVERNMENT ENGINEERING COLLEGE
west bengal,3891,DARJEELING GOVT.COLLEGE
west bengal,3892,DURGAPUR INSTITUTE OF ADVANCED TECHNOLOGY AND MANAGEMENT
west bengal,3893,CHAPRA BANGALJHI MAHAVIDYALAYA
west bengal,3894,DREAM INSTITUTE OF TECHNOLOGY
west bengal,3895,SILIGURI INSTITUTE OF TECHNOLOGY
west bengal,3896,CALCUTTA INSTITUTE OF ENGINEERING AND MANAGEMENT
west bengal,3897,"NSHM KNOWLEDGE CAMPUS, DURGAPUR - GROUP OF INSTITUTIONS"
west bengal,3898,SWAMI VIVEKANANDA INSTITUTE OF SCIENCE AND TECHNOLOGY
west bengal,3899,RCC INSTITUTE OF INFORMATION TECHNOLOGY
west bengal,3900,BARRACKPORE RASTRAGURU SURENDRANATH COLLEGE
west bengal,3901,ALIPURDUAR MAHILA MAHAVIDYALAYA
west bengal,3902,NETAJI SUBHASH ENGINEERING COLLEGE
west bengal,3903,HINGALGANJ MAHAVIDYALAYA
west bengal,3904,SAHEED NURUL ISLAM MAHAVIDYALAYA
west bengal,3905,SANKRAIL ANIL BISWAS SMRITI MAHAVIDYALAYA
west bengal,3906,ABHEDANANDA MAHAVIDYALAYA
west bengal,3907,SURYA SEN MAHAVIDYALAYA
west bengal,3908,DR. MEGHNAD SAHA COLLEGE
west bengal,3909,BETHUADAHARI COLLEGE
west bengal,3910,NAGAR COLLEGE
west bengal,3911,SUBHAS CHANDRA BOSE CENTENARY COLLEGE
west bengal,3912,BALARAMPUR COLLEGE
west bengal,3913,NETAJI SATABARSHIKI MAHAVIDYALAYA
west bengal,3914,ST. JOSEPH'S COLLEGE
west bengal,3915,RAMAKRISHNA MISSION RESIDENTIAL COLLEGE (AUTONOMOUS)
west bengal,3916,GURUDAS COLLEGE
west bengal,3917,BHARATIYA VIDYA BHAVAN INSTITUTE OF MANAGEMENT SCIENCE
west bengal,3918,RISHI AUROBINDO INSTITUTE OF TEACHER EDUCATION
west bengal,3919,"DR. B. C. ROY ENGINEERING COLLEGE , DURGAPUR"
west bengal,3920,NORTH BENGAL ST. XAVIER'S COLLEGE
west bengal,3921,GURU NANAK INSTITUTE OF DENTAL SCIENCES AND RESEARCH
west bengal,3922,DR. B.R. AMBEDKAR SATABARSHIKI MAHAVIDYALAYA
west bengal,3923,VIDYASAGAR TEACHERS' TRAINING COLLEGE
west bengal,3924,DR. B. C. ROY COLLEGE OF PHARMACY AND ALLIED HEALTH SCIENCES
west bengal,3925,BENGAL INSTITUTE OF TECHNOLOGY
west bengal,3926,BASANTI DEVI COLLEGE
west bengal,3927,EAST CALCUTTA GIRLS' COLLEGE
west bengal,3928,BALURGHAT COLLEGE
west bengal,3929,SCOTTISH CHURCH COLLEGE
west bengal,3930,SALESIAN COLLEGE
west bengal,3931,M.U.C.WOMEN'S COLLEGE BURDWAN
west bengal,3932,RAMAKRISHNA MISSION VIDYAMANDIRA
west bengal,3933,SYAMSUNDAR COLLEGE
west bengal,3934,JAGANNATH KISHORE COLLEGE
west bengal,3935,ST. PAUL'S CATHEDRAL MISSION COLLEGE
west bengal,3936,BIJOY KRISHNA GIRLS' COLLEGE
west bengal,3937,BANKURA SAMMILANI COLLEGE
west bengal,3938,SILIGURI COLLEGE
west bengal,3939,MAHISHADAL GIRLS' COLLEGE
west bengal,3940,SETH SOORAJMULL JALAN GIRLS COLLEGE
west bengal,3941,LADY BRABOURNE COLLEGE
west bengal,3942,BANKURA CHRISTIAN COLLEGE
west bengal,3943,SRI RAMKRISHNA SARADA VIDYA MAHAPITHA
west bengal,3944,WOMEN'S CHRISTIAN COLLEGE
west bengal,3945,KATWA COLLEGE
west bengal,3946,RAMANANDA COLLEGE
west bengal,3947,SURENDRANATH COLLEGE
west bengal,3948,SRIKRISHNA COLLEGE
west bengal,3949,"PRABHAT KUMAR COLLEGE, CONTAI"
west bengal,3950,BANKURA ZILLA SARADAMANI MAHILA MAHAVIDYAPITH
west bengal,3951,RANAGHAT COLLEGE
west bengal,3952,SANTIPUR COLLEGE
west bengal,3953,HOOGHLY MOHSIN COLLEGE
west bengal,3954,BERHAMPORE COLLEGE
west bengal,3955,BANKIM SARDAR COLLEGE
west bengal,3956,MUGBERIA GANGADHAR MAHAVIDYALAYA
west bengal,3957,KALNA COLLEGE
west bengal,3958,KHANDRA COLLEGE
west bengal,3959,BANWARILAL BHALOTIA COLLEGE
west bengal,3960,PRABHU JAGATBANDHU COLLEGE
west bengal,3961,MICHAEL MADHUSUDAN MEMORIAL COLLEE
west bengal,3962,PANIHATI MAHAVIDYALAYA
west bengal,3963,PRASANTA CHANDRA MAHALANOBIS MAHAVIDYALAYA
west bengal,3964,JIS COLLEGE OF ENGINEERING (AUTONOMOUS)
west bengal,3965,SABANG SAJANIKANTA MAHAVIDYALAYA
west bengal,3966,NARULA INSTITUTE OF TECHNOLOGY
west bengal,3967,GURU NANAK INSTITUTE OF TECHNOLOGY
west bengal,3968,MALDA COLLEGE
west bengal,3969,SUNDARBAN MAHAVIDYALAYA
west bengal,3970,RAMAKRISHNA MISSION VIVEKANANDA CENTENARY COLLEGE
west bengal,3971,SONAMUKHI COLLEGE
west bengal,3972,BIDHAN CHANDRA COLLEGE
west bengal,3973,BUDGE BUDGE INSTITUTE OF TECHNOLOGY
west bengal,3974,TRIVENIDEVI BHALOTIA COLLEGE
west bengal,3975,DEBRA THANA SAHID KSHUDIRAM SMRITI MAHAVIDYALAYA
west bengal,3976,HERITAGE INSTITUTE OF TECHNOLOGY (AUTONOMOUS)
west bengal,3977,ANANDA CHANDRA TRAINING COLLEGE
